

INSERT INTO dictionary_category(id,name) VALUE('layout','户型居室');

INSERT INTO dictionary_word(category,report_value,label,value,seq)
VALUES('layout','01','一居室', 1,1),
      ('layout','02','二居室', 2,2),
      ('layout','03','三居室', 3,3),
      ('layout','04','四居室', 4,4),
      ('layout','05','五居室', 5,5);

INSERT INTO dictionary_category(id,name) VALUE('layer_type','户型结构');
INSERT INTO dictionary_word(seq,category,report_value,label,value)
VALUES(1,'layer_type','01','平层',1),
      (2,'layer_type','02','错层',2),
      (3,'layer_type','03','复式楼',3),
      (4,'layer_type','04','跃层',4);

INSERT INTO dictionary_category(id,name) VALUE('orientation','房屋朝向');
INSERT INTO dictionary_word(seq,category,report_value,label,value)
VALUES(1,'orientation','01','东', 1),
      (2,'orientation','02','西', 2),
      (3,'orientation','03','南', 3),
      (4,'orientation','04','北', 4),
      (5,'orientation','05','东北', 5),
      (6,'orientation','06','东南', 6),
      (7,'orientation','07','西北', 7),
      (8,'orientation','08','西南', 8);


INSERT INTO dictionary_category(id,name) VALUE('structure','建筑结构');
INSERT INTO dictionary_word(seq,category,report_value,label,value)
VALUES(8,'structure','06','其他结构',0),
      (1,'structure','01','钢结构',1),
      (2,'structure','02','钢、钢筋混凝土结构',2),
      (3,'structure','03','钢筋混凝土结构',3),
      (4,'structure','04','混合结构',4),
      (5,'structure','05','砖木结构',5),
      (6,'structure','06','砌体结构',6),
      (7,'structure','06','木结构',7);

# INSERT INTO dictionary_category(id,name) VALUE('mortgage_type','抵押类型');
# INSERT INTO dictionary_word(seq,category,report_value,label,value)
# VALUES(1,'mortgage_type','02' ,'一般抵押',1),
#       (2,'mortgage_type','03' ,'最高额抵押',2),
#       (3,'mortgage_type','05' ,'预购商品房抵押 ',3),
#       (4,'mortgage_type','06' ,'房屋抵押',4),
#       (5,'mortgage_type','07' ,'在建工程抵押',5);


INSERT INTO dictionary_category(id,name) VALUE('use_type','房屋用途');
INSERT INTO dictionary_word(seq,category,report_value,label,value,_group)
VALUES
      (2,'use_type','002','成套住宅',002,'住宅'),
      (3,'use_type','003','别墅',003,'住宅'),
      (4,'use_type','004','高档公寓',004,'住宅'),
      (5,'use_type','005','非成套住宅',005,'住宅'),
      (6,'use_type','006','集体宿舍',006,'住宅'),
      (8,'use_type','008','工业',008,'工业、交通、仓储'),
      (9,'use_type','009','公共设施',009,'工业、交通、仓储'),
      (10,'use_type','010','铁路',010,'工业、交通、仓储'),
      (11,'use_type','011','民航',011,'工业、交通、仓储'),
      (12,'use_type','012','航运',012,'工业、交通、仓储'),
      (13,'use_type','013','公共运输',013,'工业、交通、仓储'),
      (14,'use_type','014','仓储',014,'工业、交通、仓储'),
      (16,'use_type','016','商业服务',016,'商业、金融、信息'),
      (17,'use_type','017','经营',017,'商业、金融、信息'),
      (18,'use_type','018','旅游',018,'商业、金融、信息'),
      (19,'use_type','019','金融保险',019,'商业、金融、信息'),
      (20,'use_type','020','电讯信息',020,'商业、金融、信息'),
      (22,'use_type','022','教育',022,'教育、医疗、卫生、科研'),
      (23,'use_type','023','医疗卫生',023,'教育、医疗、卫生、科研'),
      (24,'use_type','024','科研',024,'教育、医疗、卫生、科研'),
      (26,'use_type','026','文化',026,'文化、娱乐、体育'),
      (27,'use_type','027','新闻',027,'文化、娱乐、体育'),
      (28,'use_type','028','娱乐',028,'文化、娱乐、体育'),
      (29,'use_type','029','园林绿化',029,'文化、娱乐、体育'),
      (30,'use_type','030','体育',030,'文化、娱乐、体育'),
      (31,'use_type','031','办公',031,'其它'),
      (32,'use_type','032','军事',032,'其它'),
      (34,'use_type','034','涉外',034,'其它'),
      (35,'use_type','035','宗教',035,'其它'),
      (36,'use_type','036','监狱',036,'其它'),
      (37,'use_type','037','物管用房',037,'其它'),
      (33,'use_type','033','其它',0,'其它');

INSERT INTO dictionary_category(id,name) VALUE('land_property','土地性质');
INSERT INTO dictionary_word(seq,category,report_value,label,value)
VALUES(1,'land_property','01','国有',1),
      (2,'land_property','02','集体',2);

INSERT INTO dictionary_category(id,name) VALUE('land_takeType','土地取得方式');
INSERT INTO dictionary_word(seq,category,report_value,label,value)
VALUES(1,'land_takeType','01','出让',1),
      (2,'land_takeType','02','划拨',2);

INSERT INTO dictionary_category(id,name) VALUE('land_licenseType','土地权证类型');
INSERT INTO dictionary_word(seq,category,report_value,label,value)
VALUES(1,'land_licenseType','01','不动产权证',1),
      (2,'land_licenseType','02','国有土地使用证',2),
      (3,'land_licenseType','03','集体土地使用证',3);

INSERT INTO `district` (`id`, `level`, `name`, `py_code`, `address`) VALUES (11,1,'北京市','BJS','北京市'),(12,1,'天津市','TJS','天津市'),(13,1,'河北省','HBS','河北省'),(14,1,'山西省','SXS','山西省'),(15,1,'内蒙古自治区','NMGZZQ','内蒙古自治区'),(21,1,'辽宁省','LNS','辽宁省'),(22,1,'吉林省','JLS','吉林省'),(23,1,'黑龙江省','HLJS','黑龙江省'),(31,1,'上海市','SHS','上海市'),(32,1,'江苏省','JSS','江苏省'),(33,1,'浙江省','ZJS','浙江省'),(34,1,'安徽省','AHS','安徽省'),(35,1,'福建省','FJS','福建省'),(36,1,'江西省','JXS','江西省'),(37,1,'山东省','SDS','山东省'),(41,1,'河南省','HNS','河南省'),(42,1,'湖北省','HBS','湖北省'),(43,1,'湖南省','HNS','湖南省'),(44,1,'广东省','GDS','广东省'),(45,1,'广西壮族自治区','GXZZZZQ','广西壮族自治区'),(46,1,'海南省','HNS','海南省'),(50,1,'重庆市','ZQS','重庆市'),(51,1,'四川省','SCS','四川省'),(52,1,'贵州省','GZS','贵州省'),(53,1,'云南省','YNS','云南省'),(54,1,'西藏自治区','XZZZQ','西藏自治区'),(61,1,'陕西省','SXS','陕西省'),(62,1,'甘肃省','GSS','甘肃省'),(63,1,'青海省','QHS','青海省'),(64,1,'宁夏回族自治区','NXHZZZQ','宁夏回族自治区'),(65,1,'新疆维吾尔自治区','XJWWEZZQ','新疆维吾尔自治区'),(71,1,'台湾省','TWS','台湾省'),(81,1,'香港特别行政区','XGTBXZQ','香港特别行政区'),(82,1,'澳门特别行政区','AMTBXZQ','澳门特别行政区'),(1301,2,'石家庄市','SJZS','河北省石家庄市'),(1302,2,'唐山市','TSS','河北省唐山市'),(1303,2,'秦皇岛市','QHDS','河北省秦皇岛市'),(1304,2,'邯郸市','HDS','河北省邯郸市'),(1305,2,'邢台市','XTS','河北省邢台市'),(1306,2,'保定市','BDS','河北省保定市'),(1307,2,'张家口市','ZJKS','河北省张家口市'),(1308,2,'承德市','CDS','河北省承德市'),(1309,2,'沧州市','CZS','河北省沧州市'),(1310,2,'廊坊市','LFS','河北省廊坊市'),(1311,2,'衡水市','HSS','河北省衡水市'),(1401,2,'太原市','TYS','山西省太原市'),(1402,2,'大同市','DTS','山西省大同市'),(1403,2,'阳泉市','YQS','山西省阳泉市'),(1404,2,'长治市','ZZS','山西省长治市'),(1405,2,'晋城市','JCS','山西省晋城市'),(1406,2,'朔州市','SZS','山西省朔州市'),(1407,2,'晋中市','JZS','山西省晋中市'),(1408,2,'运城市','YCS','山西省运城市'),(1409,2,'忻州市','XZS','山西省忻州市'),(1410,2,'临汾市','LFS','山西省临汾市'),(1411,2,'吕梁市','LLS','山西省吕梁市'),(1501,2,'呼和浩特市','HHHTS','内蒙古自治区呼和浩特市'),(1502,2,'包头市','BTS','内蒙古自治区包头市'),(1503,2,'乌海市','WHS','内蒙古自治区乌海市'),(1504,2,'赤峰市','CFS','内蒙古自治区赤峰市'),(1505,2,'通辽市','TLS','内蒙古自治区通辽市'),(1506,2,'鄂尔多斯市','EEDSS','内蒙古自治区鄂尔多斯市'),(1507,2,'呼伦贝尔市','HLBES','内蒙古自治区呼伦贝尔市'),(1508,2,'巴彦淖尔市','BYNES','内蒙古自治区巴彦淖尔市'),(1509,2,'乌兰察布市','WLCBS','内蒙古自治区乌兰察布市'),(1522,2,'兴安盟','XAM','内蒙古自治区兴安盟'),(1525,2,'锡林郭勒盟','XLGLM','内蒙古自治区锡林郭勒盟'),(1529,2,'阿拉善盟','ALSM','内蒙古自治区阿拉善盟'),(2101,2,'沈阳市','SYS','辽宁省沈阳市'),(2102,2,'大连市','DLS','辽宁省大连市'),(2103,2,'鞍山市','ASS','辽宁省鞍山市'),(2104,2,'抚顺市','FSS','辽宁省抚顺市'),(2105,2,'本溪市','BXS','辽宁省本溪市'),(2106,2,'丹东市','DDS','辽宁省丹东市'),(2107,2,'锦州市','JZS','辽宁省锦州市'),(2108,2,'营口市','YKS','辽宁省营口市'),(2109,2,'阜新市','FXS','辽宁省阜新市'),(2110,2,'辽阳市','LYS','辽宁省辽阳市'),(2111,2,'盘锦市','PJS','辽宁省盘锦市'),(2112,2,'铁岭市','TLS','辽宁省铁岭市'),(2113,2,'朝阳市','CYS','辽宁省朝阳市'),(2114,2,'葫芦岛市','HLDS','辽宁省葫芦岛市'),(2201,2,'长春市','ZCS','吉林省长春市'),(2202,2,'吉林市','JLS','吉林省吉林市'),(2203,2,'四平市','SPS','吉林省四平市'),(2204,2,'辽源市','LYS','吉林省辽源市'),(2205,2,'通化市','THS','吉林省通化市'),(2206,2,'白山市','BSS','吉林省白山市'),(2207,2,'松原市','SYS','吉林省松原市'),(2208,2,'白城市','BCS','吉林省白城市'),(2224,2,'延边朝鲜族自治州','YBCXZZZZ','吉林省延边朝鲜族自治州'),(2301,2,'哈尔滨市','HEBS','黑龙江省哈尔滨市'),(2302,2,'齐齐哈尔市','QQHES','黑龙江省齐齐哈尔市'),(2303,2,'鸡西市','JXS','黑龙江省鸡西市'),(2304,2,'鹤岗市','HGS','黑龙江省鹤岗市'),(2305,2,'双鸭山市','SYSS','黑龙江省双鸭山市'),(2306,2,'大庆市','DQS','黑龙江省大庆市'),(2307,2,'伊春市','YCS','黑龙江省伊春市'),(2308,2,'佳木斯市','JMSS','黑龙江省佳木斯市'),(2309,2,'七台河市','QTHS','黑龙江省七台河市'),(2310,2,'牡丹江市','MDJS','黑龙江省牡丹江市'),(2311,2,'黑河市','HHS','黑龙江省黑河市'),(2312,2,'绥化市','SHS','黑龙江省绥化市'),(2327,2,'大兴安岭地区','DXALDQ','黑龙江省大兴安岭地区'),(3201,2,'南京市','NJS','江苏省南京市'),(3202,2,'无锡市','WXS','江苏省无锡市'),(3203,2,'徐州市','XZS','江苏省徐州市'),(3204,2,'常州市','CZS','江苏省常州市'),(3205,2,'苏州市','SZS','江苏省苏州市'),(3206,2,'南通市','NTS','江苏省南通市'),(3207,2,'连云港市','LYGS','江苏省连云港市'),(3208,2,'淮安市','HAS','江苏省淮安市'),(3209,2,'盐城市','YCS','江苏省盐城市'),(3210,2,'扬州市','YZS','江苏省扬州市'),(3211,2,'镇江市','ZJS','江苏省镇江市'),(3212,2,'泰州市','TZS','江苏省泰州市'),(3213,2,'宿迁市','SQS','江苏省宿迁市'),(3301,2,'杭州市','HZS','浙江省杭州市'),(3302,2,'宁波市','NBS','浙江省宁波市'),(3303,2,'温州市','WZS','浙江省温州市'),(3304,2,'嘉兴市','JXS','浙江省嘉兴市'),(3305,2,'湖州市','HZS','浙江省湖州市'),(3306,2,'绍兴市','SXS','浙江省绍兴市'),(3307,2,'金华市','JHS','浙江省金华市'),(3308,2,'衢州市','QZS','浙江省衢州市'),(3309,2,'舟山市','ZSS','浙江省舟山市'),(3310,2,'台州市','TZS','浙江省台州市'),(3311,2,'丽水市','LSS','浙江省丽水市'),(3401,2,'合肥市','HFS','安徽省合肥市'),(3402,2,'芜湖市','WHS','安徽省芜湖市'),(3403,2,'蚌埠市','BBS','安徽省蚌埠市'),(3404,2,'淮南市','HNS','安徽省淮南市'),(3405,2,'马鞍山市','MASS','安徽省马鞍山市'),(3406,2,'淮北市','HBS','安徽省淮北市'),(3407,2,'铜陵市','TLS','安徽省铜陵市'),(3408,2,'安庆市','AQS','安徽省安庆市'),(3410,2,'黄山市','HSS','安徽省黄山市'),(3411,2,'滁州市','CZS','安徽省滁州市'),(3412,2,'阜阳市','FYS','安徽省阜阳市'),(3413,2,'宿州市','SZS','安徽省宿州市'),(3415,2,'六安市','LAS','安徽省六安市'),(3416,2,'亳州市','BZS','安徽省亳州市'),(3417,2,'池州市','CZS','安徽省池州市'),(3418,2,'宣城市','XCS','安徽省宣城市'),(3501,2,'福州市','FZS','福建省福州市'),(3502,2,'厦门市','SMS','福建省厦门市'),(3503,2,'莆田市','PTS','福建省莆田市'),(3504,2,'三明市','SMS','福建省三明市'),(3505,2,'泉州市','QZS','福建省泉州市'),(3506,2,'漳州市','ZZS','福建省漳州市'),(3507,2,'南平市','NPS','福建省南平市'),(3508,2,'龙岩市','LYS','福建省龙岩市'),(3509,2,'宁德市','NDS','福建省宁德市'),(3601,2,'南昌市','NCS','江西省南昌市'),(3602,2,'景德镇市','JDZS','江西省景德镇市'),(3603,2,'萍乡市','PXS','江西省萍乡市'),(3604,2,'九江市','JJS','江西省九江市'),(3605,2,'新余市','XYS','江西省新余市'),(3606,2,'鹰潭市','YTS','江西省鹰潭市'),(3607,2,'赣州市','GZS','江西省赣州市'),(3608,2,'吉安市','JAS','江西省吉安市'),(3609,2,'宜春市','YCS','江西省宜春市'),(3610,2,'抚州市','FZS','江西省抚州市'),(3611,2,'上饶市','SRS','江西省上饶市'),(3701,2,'济南市','JNS','山东省济南市'),(3702,2,'青岛市','QDS','山东省青岛市'),(3703,2,'淄博市','ZBS','山东省淄博市'),(3704,2,'枣庄市','ZZS','山东省枣庄市'),(3705,2,'东营市','DYS','山东省东营市'),(3706,2,'烟台市','YTS','山东省烟台市'),(3707,2,'潍坊市','WFS','山东省潍坊市'),(3708,2,'济宁市','JNS','山东省济宁市'),(3709,2,'泰安市','TAS','山东省泰安市'),(3710,2,'威海市','WHS','山东省威海市'),(3711,2,'日照市','RZS','山东省日照市'),(3713,2,'临沂市','LYS','山东省临沂市'),(3714,2,'德州市','DZS','山东省德州市'),(3715,2,'聊城市','LCS','山东省聊城市'),(3716,2,'滨州市','BZS','山东省滨州市'),(3717,2,'菏泽市','HZS','山东省菏泽市'),(4101,2,'郑州市','ZZS','河南省郑州市'),(4102,2,'开封市','KFS','河南省开封市'),(4103,2,'洛阳市','LYS','河南省洛阳市'),(4104,2,'平顶山市','PDSS','河南省平顶山市'),(4105,2,'安阳市','AYS','河南省安阳市'),(4106,2,'鹤壁市','HBS','河南省鹤壁市'),(4107,2,'新乡市','XXS','河南省新乡市'),(4108,2,'焦作市','JZS','河南省焦作市'),(4109,2,'濮阳市','PYS','河南省濮阳市'),(4110,2,'许昌市','XCS','河南省许昌市'),(4111,2,'漯河市','LHS','河南省漯河市'),(4112,2,'三门峡市','SMXS','河南省三门峡市'),(4113,2,'南阳市','NYS','河南省南阳市'),(4114,2,'商丘市','SQS','河南省商丘市'),(4115,2,'信阳市','XYS','河南省信阳市'),(4116,2,'周口市','ZKS','河南省周口市'),(4117,2,'驻马店市','ZMDS','河南省驻马店市'),(4201,2,'武汉市','WHS','湖北省武汉市'),(4202,2,'黄石市','HSS','湖北省黄石市'),(4203,2,'十堰市','SYS','湖北省十堰市'),(4205,2,'宜昌市','YCS','湖北省宜昌市'),(4206,2,'襄阳市','XYS','湖北省襄阳市'),(4207,2,'鄂州市','EZS','湖北省鄂州市'),(4208,2,'荆门市','JMS','湖北省荆门市'),(4209,2,'孝感市','XGS','湖北省孝感市'),(4210,2,'荆州市','JZS','湖北省荆州市'),(4211,2,'黄冈市','HGS','湖北省黄冈市'),(4212,2,'咸宁市','XNS','湖北省咸宁市'),(4213,2,'随州市','SZS','湖北省随州市'),(4228,2,'恩施土家族苗族自治州','ESTJZMZZZZ','湖北省恩施土家族苗族自治州'),(4301,2,'长沙市','ZSS','湖南省长沙市'),(4302,2,'株洲市','ZZS','湖南省株洲市'),(4303,2,'湘潭市','XTS','湖南省湘潭市'),(4304,2,'衡阳市','HYS','湖南省衡阳市'),(4305,2,'邵阳市','SYS','湖南省邵阳市'),(4306,2,'岳阳市','YYS','湖南省岳阳市'),(4307,2,'常德市','CDS','湖南省常德市'),(4308,2,'张家界市','ZJJS','湖南省张家界市'),(4309,2,'益阳市','YYS','湖南省益阳市'),(4310,2,'郴州市','CZS','湖南省郴州市'),(4311,2,'永州市','YZS','湖南省永州市'),(4312,2,'怀化市','HHS','湖南省怀化市'),(4313,2,'娄底市','LDS','湖南省娄底市'),(4331,2,'湘西土家族苗族自治州','XXTJZMZZZZ','湖南省湘西土家族苗族自治州'),(4401,2,'广州市','GZS','广东省广州市'),(4402,2,'韶关市','SGS','广东省韶关市'),(4403,2,'深圳市','SZS','广东省深圳市'),(4404,2,'珠海市','ZHS','广东省珠海市'),(4405,2,'汕头市','STS','广东省汕头市'),(4406,2,'佛山市','FSS','广东省佛山市'),(4407,2,'江门市','JMS','广东省江门市'),(4408,2,'湛江市','ZJS','广东省湛江市'),(4409,2,'茂名市','MMS','广东省茂名市'),(4412,2,'肇庆市','ZQS','广东省肇庆市'),(4413,2,'惠州市','HZS','广东省惠州市'),(4414,2,'梅州市','MZS','广东省梅州市'),(4415,2,'汕尾市','SWS','广东省汕尾市'),(4416,2,'河源市','HYS','广东省河源市'),(4417,2,'阳江市','YJS','广东省阳江市'),(4418,2,'清远市','QYS','广东省清远市'),(4419,2,'东莞市','DGS','广东省东莞市'),(4420,2,'中山市','ZSS','广东省中山市'),(4451,2,'潮州市','CZS','广东省潮州市'),(4452,2,'揭阳市','JYS','广东省揭阳市'),(4453,2,'云浮市','YFS','广东省云浮市'),(4501,2,'南宁市','NNS','广西壮族自治区南宁市'),(4502,2,'柳州市','LZS','广西壮族自治区柳州市'),(4503,2,'桂林市','GLS','广西壮族自治区桂林市'),(4504,2,'梧州市','WZS','广西壮族自治区梧州市'),(4505,2,'北海市','BHS','广西壮族自治区北海市'),(4506,2,'防城港市','FCGS','广西壮族自治区防城港市'),(4507,2,'钦州市','QZS','广西壮族自治区钦州市'),(4508,2,'贵港市','GGS','广西壮族自治区贵港市'),(4509,2,'玉林市','YLS','广西壮族自治区玉林市'),(4510,2,'百色市','BSS','广西壮族自治区百色市'),(4511,2,'贺州市','HZS','广西壮族自治区贺州市'),(4512,2,'河池市','HCS','广西壮族自治区河池市'),(4513,2,'来宾市','LBS','广西壮族自治区来宾市'),(4514,2,'崇左市','CZS','广西壮族自治区崇左市'),(4601,2,'海口市','HKS','海南省海口市'),(4602,2,'三亚市','SYS','海南省三亚市'),(4603,2,'三沙市','SSS','海南省三沙市'),(4604,2,'儋州市','DZS','海南省儋州市'),(5101,2,'成都市','CDS','四川省成都市'),(5103,2,'自贡市','ZGS','四川省自贡市'),(5104,2,'攀枝花市','PZHS','四川省攀枝花市'),(5105,2,'泸州市','LZS','四川省泸州市'),(5106,2,'德阳市','DYS','四川省德阳市'),(5107,2,'绵阳市','MYS','四川省绵阳市'),(5108,2,'广元市','GYS','四川省广元市'),(5109,2,'遂宁市','SNS','四川省遂宁市'),(5110,2,'内江市','NJS','四川省内江市'),(5111,2,'乐山市','LSS','四川省乐山市'),(5113,2,'南充市','NCS','四川省南充市'),(5114,2,'眉山市','MSS','四川省眉山市'),(5115,2,'宜宾市','YBS','四川省宜宾市'),(5116,2,'广安市','GAS','四川省广安市'),(5117,2,'达州市','DZS','四川省达州市'),(5118,2,'雅安市','YAS','四川省雅安市'),(5119,2,'巴中市','BZS','四川省巴中市'),(5120,2,'资阳市','ZYS','四川省资阳市'),(5132,2,'阿坝藏族羌族自治州','ABZZQZZZZ','四川省阿坝藏族羌族自治州'),(5133,2,'甘孜藏族自治州','GZZZZZZ','四川省甘孜藏族自治州'),(5134,2,'凉山彝族自治州','LSYZZZZ','四川省凉山彝族自治州'),(5201,2,'贵阳市','GYS','贵州省贵阳市'),(5202,2,'六盘水市','LPSS','贵州省六盘水市'),(5203,2,'遵义市','ZYS','贵州省遵义市'),(5204,2,'安顺市','ASS','贵州省安顺市'),(5205,2,'毕节市','BJS','贵州省毕节市'),(5206,2,'铜仁市','TRS','贵州省铜仁市'),(5223,2,'黔西南布依族苗族自治州','QXNBYZMZZZZ','贵州省黔西南布依族苗族自治州'),(5226,2,'黔东南苗族侗族自治州','QDNMZDZZZZ','贵州省黔东南苗族侗族自治州'),(5227,2,'黔南布依族苗族自治州','QNBYZMZZZZ','贵州省黔南布依族苗族自治州'),(5301,2,'昆明市','KMS','云南省昆明市'),(5303,2,'曲靖市','QJS','云南省曲靖市'),(5304,2,'玉溪市','YXS','云南省玉溪市'),(5305,2,'保山市','BSS','云南省保山市'),(5306,2,'昭通市','ZTS','云南省昭通市'),(5307,2,'丽江市','LJS','云南省丽江市'),(5308,2,'普洱市','PES','云南省普洱市'),(5309,2,'临沧市','LCS','云南省临沧市'),(5323,2,'楚雄彝族自治州','CXYZZZZ','云南省楚雄彝族自治州'),(5325,2,'红河哈尼族彝族自治州','HHHNZYZZZZ','云南省红河哈尼族彝族自治州'),(5326,2,'文山壮族苗族自治州','WSZZMZZZZ','云南省文山壮族苗族自治州'),(5328,2,'西双版纳傣族自治州','XSBNDZZZZ','云南省西双版纳傣族自治州'),(5329,2,'大理白族自治州','DLBZZZZ','云南省大理白族自治州'),(5331,2,'德宏傣族景颇族自治州','DHDZJPZZZZ','云南省德宏傣族景颇族自治州'),(5333,2,'怒江傈僳族自治州','NJLSZZZZ','云南省怒江傈僳族自治州'),(5334,2,'迪庆藏族自治州','DQZZZZZ','云南省迪庆藏族自治州'),(5401,2,'拉萨市','LSS','西藏自治区拉萨市'),(5402,2,'日喀则市','RKZS','西藏自治区日喀则市'),(5403,2,'昌都市','CDS','西藏自治区昌都市'),(5404,2,'林芝市','LZS','西藏自治区林芝市'),(5405,2,'山南市','SNS','西藏自治区山南市'),(5406,2,'那曲市','NQS','西藏自治区那曲市'),(5425,2,'阿里地区','ALDQ','西藏自治区阿里地区'),(6101,2,'西安市','XAS','陕西省西安市'),(6102,2,'铜川市','TCS','陕西省铜川市'),(6103,2,'宝鸡市','BJS','陕西省宝鸡市'),(6104,2,'咸阳市','XYS','陕西省咸阳市'),(6105,2,'渭南市','WNS','陕西省渭南市'),(6106,2,'延安市','YAS','陕西省延安市'),(6107,2,'汉中市','HZS','陕西省汉中市'),(6108,2,'榆林市','YLS','陕西省榆林市'),(6109,2,'安康市','AKS','陕西省安康市'),(6110,2,'商洛市','SLS','陕西省商洛市'),(6201,2,'兰州市','LZS','甘肃省兰州市'),(6202,2,'嘉峪关市','JYGS','甘肃省嘉峪关市'),(6203,2,'金昌市','JCS','甘肃省金昌市'),(6204,2,'白银市','BYS','甘肃省白银市'),(6205,2,'天水市','TSS','甘肃省天水市'),(6206,2,'武威市','WWS','甘肃省武威市'),(6207,2,'张掖市','ZYS','甘肃省张掖市'),(6208,2,'平凉市','PLS','甘肃省平凉市'),(6209,2,'酒泉市','JQS','甘肃省酒泉市'),(6210,2,'庆阳市','QYS','甘肃省庆阳市'),(6211,2,'定西市','DXS','甘肃省定西市'),(6212,2,'陇南市','LNS','甘肃省陇南市'),(6229,2,'临夏回族自治州','LXHZZZZ','甘肃省临夏回族自治州'),(6230,2,'甘南藏族自治州','GNZZZZZ','甘肃省甘南藏族自治州'),(6301,2,'西宁市','XNS','青海省西宁市'),(6302,2,'海东市','HDS','青海省海东市'),(6322,2,'海北藏族自治州','HBZZZZZ','青海省海北藏族自治州'),(6323,2,'黄南藏族自治州','HNZZZZZ','青海省黄南藏族自治州'),(6325,2,'海南藏族自治州','HNZZZZZ','青海省海南藏族自治州'),(6326,2,'果洛藏族自治州','GLZZZZZ','青海省果洛藏族自治州'),(6327,2,'玉树藏族自治州','YSZZZZZ','青海省玉树藏族自治州'),(6328,2,'海西蒙古族藏族自治州','HXMGZZZZZZ','青海省海西蒙古族藏族自治州'),(6401,2,'银川市','YCS','宁夏回族自治区银川市'),(6402,2,'石嘴山市','SZSS','宁夏回族自治区石嘴山市'),(6403,2,'吴忠市','WZS','宁夏回族自治区吴忠市'),(6404,2,'固原市','GYS','宁夏回族自治区固原市'),(6405,2,'中卫市','ZWS','宁夏回族自治区中卫市'),(6501,2,'乌鲁木齐市','WLMQS','新疆维吾尔自治区乌鲁木齐市'),(6502,2,'克拉玛依市','KLMYS','新疆维吾尔自治区克拉玛依市'),(6504,2,'吐鲁番市','TLFS','新疆维吾尔自治区吐鲁番市'),(6505,2,'哈密市','HMS','新疆维吾尔自治区哈密市'),(6523,2,'昌吉回族自治州','CJHZZZZ','新疆维吾尔自治区昌吉回族自治州'),(6527,2,'博尔塔拉蒙古自治州','BETLMGZZZ','新疆维吾尔自治区博尔塔拉蒙古自治州'),(6528,2,'巴音郭楞蒙古自治州','BYGLMGZZZ','新疆维吾尔自治区巴音郭楞蒙古自治州'),(6529,2,'阿克苏地区','AKSDQ','新疆维吾尔自治区阿克苏地区'),(6530,2,'克孜勒苏柯尔克孜自治州','KZLSKEKZZZZ','新疆维吾尔自治区克孜勒苏柯尔克孜自治州'),(6531,2,'喀什地区','KSDQ','新疆维吾尔自治区喀什地区'),(6532,2,'和田地区','HTDQ','新疆维吾尔自治区和田地区'),(6540,2,'伊犁哈萨克自治州','YLHSKZZZ','新疆维吾尔自治区伊犁哈萨克自治州'),(6542,2,'塔城地区','TCDQ','新疆维吾尔自治区塔城地区'),(6543,2,'阿勒泰地区','ALTDQ','新疆维吾尔自治区阿勒泰地区'),(110101,3,'东城区','DCQ','北京市东城区'),(110102,3,'西城区','XCQ','北京市西城区'),(110105,3,'朝阳区','CYQ','北京市朝阳区'),(110106,3,'丰台区','FTQ','北京市丰台区'),(110107,3,'石景山区','SJSQ','北京市石景山区'),(110108,3,'海淀区','HDQ','北京市海淀区'),(110109,3,'门头沟区','MTGQ','北京市门头沟区'),(110111,3,'房山区','FSQ','北京市房山区'),(110112,3,'通州区','TZQ','北京市通州区'),(110113,3,'顺义区','SYQ','北京市顺义区'),(110114,3,'昌平区','CPQ','北京市昌平区'),(110115,3,'大兴区','DXQ','北京市大兴区'),(110116,3,'怀柔区','HRQ','北京市怀柔区'),(110117,3,'平谷区','PGQ','北京市平谷区'),(110118,3,'密云区','MYQ','北京市密云区'),(110119,3,'延庆区','YQQ','北京市延庆区'),(120101,3,'和平区','HPQ','天津市和平区'),(120102,3,'河东区','HDQ','天津市河东区'),(120103,3,'河西区','HXQ','天津市河西区'),(120104,3,'南开区','NKQ','天津市南开区'),(120105,3,'河北区','HBQ','天津市河北区'),(120106,3,'红桥区','HQQ','天津市红桥区'),(120110,3,'东丽区','DLQ','天津市东丽区'),(120111,3,'西青区','XQQ','天津市西青区'),(120112,3,'津南区','JNQ','天津市津南区'),(120113,3,'北辰区','BCQ','天津市北辰区'),(120114,3,'武清区','WQQ','天津市武清区'),(120115,3,'宝坻区','BCQ','天津市宝坻区'),(120116,3,'滨海新区','BHXQ','天津市滨海新区'),(120117,3,'宁河区','NHQ','天津市宁河区'),(120118,3,'静海区','JHQ','天津市静海区'),(120119,3,'蓟州区','JZQ','天津市蓟州区'),(130102,3,'长安区','ZAQ','河北省石家庄市长安区'),(130104,3,'桥西区','QXQ','河北省石家庄市桥西区'),(130105,3,'新华区','XHQ','河北省石家庄市新华区'),(130107,3,'井陉矿区','JXKQ','河北省石家庄市井陉矿区'),(130108,3,'裕华区','YHQ','河北省石家庄市裕华区'),(130109,3,'藁城区','GCQ','河北省石家庄市藁城区'),(130110,3,'鹿泉区','LQQ','河北省石家庄市鹿泉区'),(130111,3,'栾城区','LCQ','河北省石家庄市栾城区'),(130121,3,'井陉县','JXX','河北省石家庄市井陉县'),(130123,3,'正定县','ZDX','河北省石家庄市正定县'),(130125,3,'行唐县','XTX','河北省石家庄市行唐县'),(130126,3,'灵寿县','LSX','河北省石家庄市灵寿县'),(130127,3,'高邑县','GYX','河北省石家庄市高邑县'),(130128,3,'深泽县','SZX','河北省石家庄市深泽县'),(130129,3,'赞皇县','ZHX','河北省石家庄市赞皇县'),(130130,3,'无极县','WJX','河北省石家庄市无极县'),(130131,3,'平山县','PSX','河北省石家庄市平山县'),(130132,3,'元氏县','YSX','河北省石家庄市元氏县'),(130133,3,'赵县','ZX','河北省石家庄市赵县'),(130181,3,'辛集市','XJS','河北省石家庄市辛集市'),(130183,3,'晋州市','JZS','河北省石家庄市晋州市'),(130184,3,'新乐市','XLS','河北省石家庄市新乐市'),(130202,3,'路南区','LNQ','河北省唐山市路南区'),(130203,3,'路北区','LBQ','河北省唐山市路北区'),(130204,3,'古冶区','GYQ','河北省唐山市古冶区'),(130205,3,'开平区','KPQ','河北省唐山市开平区'),(130207,3,'丰南区','FNQ','河北省唐山市丰南区'),(130208,3,'丰润区','FRQ','河北省唐山市丰润区'),(130209,3,'曹妃甸区','CFDQ','河北省唐山市曹妃甸区'),(130224,3,'滦南县','LNX','河北省唐山市滦南县'),(130225,3,'乐亭县','LTX','河北省唐山市乐亭县'),(130227,3,'迁西县','QXX','河北省唐山市迁西县'),(130229,3,'玉田县','YTX','河北省唐山市玉田县'),(130281,3,'遵化市','ZHS','河北省唐山市遵化市'),(130283,3,'迁安市','QAS','河北省唐山市迁安市'),(130284,3,'滦州市','LZS','河北省唐山市滦州市'),(130302,3,'海港区','HGQ','河北省秦皇岛市海港区'),(130303,3,'山海关区','SHGQ','河北省秦皇岛市山海关区'),(130304,3,'北戴河区','BDHQ','河北省秦皇岛市北戴河区'),(130306,3,'抚宁区','FNQ','河北省秦皇岛市抚宁区'),(130321,3,'青龙满族自治县','QLMZZZX','河北省秦皇岛市青龙满族自治县'),(130322,3,'昌黎县','CLX','河北省秦皇岛市昌黎县'),(130324,3,'卢龙县','LLX','河北省秦皇岛市卢龙县'),(130402,3,'邯山区','HSQ','河北省邯郸市邯山区'),(130403,3,'丛台区','CTQ','河北省邯郸市丛台区'),(130404,3,'复兴区','FXQ','河北省邯郸市复兴区'),(130406,3,'峰峰矿区','FFKQ','河北省邯郸市峰峰矿区'),(130407,3,'肥乡区','FXQ','河北省邯郸市肥乡区'),(130408,3,'永年区','YNQ','河北省邯郸市永年区'),(130423,3,'临漳县','LZX','河北省邯郸市临漳县'),(130424,3,'成安县','CAX','河北省邯郸市成安县'),(130425,3,'大名县','DMX','河北省邯郸市大名县'),(130426,3,'涉县','SX','河北省邯郸市涉县'),(130427,3,'磁县','CX','河北省邯郸市磁县'),(130430,3,'邱县','QX','河北省邯郸市邱县'),(130431,3,'鸡泽县','JZX','河北省邯郸市鸡泽县'),(130432,3,'广平县','GPX','河北省邯郸市广平县'),(130433,3,'馆陶县','GTX','河北省邯郸市馆陶县'),(130434,3,'魏县','WX','河北省邯郸市魏县'),(130435,3,'曲周县','QZX','河北省邯郸市曲周县'),(130481,3,'武安市','WAS','河北省邯郸市武安市'),(130502,3,'襄都区','XDQ','河北省邢台市襄都区'),(130503,3,'信都区','XDQ','河北省邢台市信都区'),(130505,3,'任泽区','RZQ','河北省邢台市任泽区'),(130506,3,'南和区','NHQ','河北省邢台市南和区'),(130522,3,'临城县','LCX','河北省邢台市临城县'),(130523,3,'内丘县','NQX','河北省邢台市内丘县'),(130524,3,'柏乡县','BXX','河北省邢台市柏乡县'),(130525,3,'隆尧县','LYX','河北省邢台市隆尧县'),(130528,3,'宁晋县','NJX','河北省邢台市宁晋县'),(130529,3,'巨鹿县','JLX','河北省邢台市巨鹿县'),(130530,3,'新河县','XHX','河北省邢台市新河县'),(130531,3,'广宗县','GZX','河北省邢台市广宗县'),(130532,3,'平乡县','PXX','河北省邢台市平乡县'),(130533,3,'威县','WX','河北省邢台市威县'),(130534,3,'清河县','QHX','河北省邢台市清河县'),(130535,3,'临西县','LXX','河北省邢台市临西县'),(130581,3,'南宫市','NGS','河北省邢台市南宫市'),(130582,3,'沙河市','SHS','河北省邢台市沙河市'),(130602,3,'竞秀区','JXQ','河北省保定市竞秀区'),(130606,3,'莲池区','LCQ','河北省保定市莲池区'),(130607,3,'满城区','MCQ','河北省保定市满城区'),(130608,3,'清苑区','QYQ','河北省保定市清苑区'),(130609,3,'徐水区','XSQ','河北省保定市徐水区'),(130623,3,'涞水县','LSX','河北省保定市涞水县'),(130624,3,'阜平县','FPX','河北省保定市阜平县'),(130626,3,'定兴县','DXX','河北省保定市定兴县'),(130627,3,'唐县','TX','河北省保定市唐县'),(130628,3,'高阳县','GYX','河北省保定市高阳县'),(130629,3,'容城县','RCX','河北省保定市容城县'),(130630,3,'涞源县','LYX','河北省保定市涞源县'),(130631,3,'望都县','WDX','河北省保定市望都县'),(130632,3,'安新县','AXX','河北省保定市安新县'),(130633,3,'易县','YX','河北省保定市易县'),(130634,3,'曲阳县','QYX','河北省保定市曲阳县'),(130635,3,'蠡县','LX','河北省保定市蠡县'),(130636,3,'顺平县','SPX','河北省保定市顺平县'),(130637,3,'博野县','BYX','河北省保定市博野县'),(130638,3,'雄县','XX','河北省保定市雄县'),(130681,3,'涿州市','ZZS','河北省保定市涿州市'),(130682,3,'定州市','DZS','河北省保定市定州市'),(130683,3,'安国市','AGS','河北省保定市安国市'),(130684,3,'高碑店市','GBDS','河北省保定市高碑店市'),(130702,3,'桥东区','QDQ','河北省张家口市桥东区'),(130703,3,'桥西区','QXQ','河北省张家口市桥西区'),(130705,3,'宣化区','XHQ','河北省张家口市宣化区'),(130706,3,'下花园区','XHYQ','河北省张家口市下花园区'),(130708,3,'万全区','WQQ','河北省张家口市万全区'),(130709,3,'崇礼区','CLQ','河北省张家口市崇礼区'),(130722,3,'张北县','ZBX','河北省张家口市张北县'),(130723,3,'康保县','KBX','河北省张家口市康保县'),(130724,3,'沽源县','GYX','河北省张家口市沽源县'),(130725,3,'尚义县','SYX','河北省张家口市尚义县'),(130726,3,'蔚县','YX','河北省张家口市蔚县'),(130727,3,'阳原县','YYX','河北省张家口市阳原县'),(130728,3,'怀安县','HAX','河北省张家口市怀安县'),(130730,3,'怀来县','HLX','河北省张家口市怀来县'),(130731,3,'涿鹿县','ZLX','河北省张家口市涿鹿县'),(130732,3,'赤城县','CCX','河北省张家口市赤城县'),(130802,3,'双桥区','SQQ','河北省承德市双桥区'),(130803,3,'双滦区','SLQ','河北省承德市双滦区'),(130804,3,'鹰手营子矿区','YSYZKQ','河北省承德市鹰手营子矿区'),(130821,3,'承德县','CDX','河北省承德市承德县'),(130822,3,'兴隆县','XLX','河北省承德市兴隆县'),(130824,3,'滦平县','LPX','河北省承德市滦平县'),(130825,3,'隆化县','LHX','河北省承德市隆化县'),(130826,3,'丰宁满族自治县','FNMZZZX','河北省承德市丰宁满族自治县'),(130827,3,'宽城满族自治县','KCMZZZX','河北省承德市宽城满族自治县'),(130828,3,'围场满族蒙古族自治县','WCMZMGZZZX','河北省承德市围场满族蒙古族自治县'),(130881,3,'平泉市','PQS','河北省承德市平泉市'),(130902,3,'新华区','XHQ','河北省沧州市新华区'),(130903,3,'运河区','YHQ','河北省沧州市运河区'),(130921,3,'沧县','CX','河北省沧州市沧县'),(130922,3,'青县','QX','河北省沧州市青县'),(130923,3,'东光县','DGX','河北省沧州市东光县'),(130924,3,'海兴县','HXX','河北省沧州市海兴县'),(130925,3,'盐山县','YSX','河北省沧州市盐山县'),(130926,3,'肃宁县','SNX','河北省沧州市肃宁县'),(130927,3,'南皮县','NPX','河北省沧州市南皮县'),(130928,3,'吴桥县','WQX','河北省沧州市吴桥县'),(130929,3,'献县','XX','河北省沧州市献县'),(130930,3,'孟村回族自治县','MCHZZZX','河北省沧州市孟村回族自治县'),(130981,3,'泊头市','BTS','河北省沧州市泊头市'),(130982,3,'任丘市','RQS','河北省沧州市任丘市'),(130983,3,'黄骅市','HHS','河北省沧州市黄骅市'),(130984,3,'河间市','HJS','河北省沧州市河间市'),(131002,3,'安次区','ACQ','河北省廊坊市安次区'),(131003,3,'广阳区','GYQ','河北省廊坊市广阳区'),(131022,3,'固安县','GAX','河北省廊坊市固安县'),(131023,3,'永清县','YQX','河北省廊坊市永清县'),(131024,3,'香河县','XHX','河北省廊坊市香河县'),(131025,3,'大城县','DCX','河北省廊坊市大城县'),(131026,3,'文安县','WAX','河北省廊坊市文安县'),(131028,3,'大厂回族自治县','DCHZZZX','河北省廊坊市大厂回族自治县'),(131081,3,'霸州市','BZS','河北省廊坊市霸州市'),(131082,3,'三河市','SHS','河北省廊坊市三河市'),(131102,3,'桃城区','TCQ','河北省衡水市桃城区'),(131103,3,'冀州区','JZQ','河北省衡水市冀州区'),(131121,3,'枣强县','ZQX','河北省衡水市枣强县'),(131122,3,'武邑县','WYX','河北省衡水市武邑县'),(131123,3,'武强县','WQX','河北省衡水市武强县'),(131124,3,'饶阳县','RYX','河北省衡水市饶阳县'),(131125,3,'安平县','APX','河北省衡水市安平县'),(131126,3,'故城县','GCX','河北省衡水市故城县'),(131127,3,'景县','JX','河北省衡水市景县'),(131128,3,'阜城县','FCX','河北省衡水市阜城县'),(131182,3,'深州市','SZS','河北省衡水市深州市'),(140105,3,'小店区','XDQ','山西省太原市小店区'),(140106,3,'迎泽区','YZQ','山西省太原市迎泽区'),(140107,3,'杏花岭区','XHLQ','山西省太原市杏花岭区'),(140108,3,'尖草坪区','JCPQ','山西省太原市尖草坪区'),(140109,3,'万柏林区','WBLQ','山西省太原市万柏林区'),(140110,3,'晋源区','JYQ','山西省太原市晋源区'),(140121,3,'清徐县','QXX','山西省太原市清徐县'),(140122,3,'阳曲县','YQX','山西省太原市阳曲县'),(140123,3,'娄烦县','LFX','山西省太原市娄烦县'),(140181,3,'古交市','GJS','山西省太原市古交市'),(140212,3,'新荣区','XRQ','山西省大同市新荣区'),(140213,3,'平城区','PCQ','山西省大同市平城区'),(140214,3,'云冈区','YGQ','山西省大同市云冈区'),(140215,3,'云州区','YZQ','山西省大同市云州区'),(140221,3,'阳高县','YGX','山西省大同市阳高县'),(140222,3,'天镇县','TZX','山西省大同市天镇县'),(140223,3,'广灵县','GLX','山西省大同市广灵县'),(140224,3,'灵丘县','LQX','山西省大同市灵丘县'),(140225,3,'浑源县','HYX','山西省大同市浑源县'),(140226,3,'左云县','ZYX','山西省大同市左云县'),(140302,3,'城区','CQ','山西省阳泉市城区'),(140303,3,'矿区','KQ','山西省阳泉市矿区'),(140311,3,'郊区','JQ','山西省阳泉市郊区'),(140321,3,'平定县','PDX','山西省阳泉市平定县'),(140322,3,'盂县','YX','山西省阳泉市盂县'),(140403,3,'潞州区','LZQ','山西省长治市潞州区'),(140404,3,'上党区','SDQ','山西省长治市上党区'),(140405,3,'屯留区','TLQ','山西省长治市屯留区'),(140406,3,'潞城区','LCQ','山西省长治市潞城区'),(140423,3,'襄垣县','XYX','山西省长治市襄垣县'),(140425,3,'平顺县','PSX','山西省长治市平顺县'),(140426,3,'黎城县','LCX','山西省长治市黎城县'),(140427,3,'壶关县','HGX','山西省长治市壶关县'),(140428,3,'长子县','ZZX','山西省长治市长子县'),(140429,3,'武乡县','WXX','山西省长治市武乡县'),(140430,3,'沁县','QX','山西省长治市沁县'),(140431,3,'沁源县','QYX','山西省长治市沁源县'),(140502,3,'城区','CQ','山西省晋城市城区'),(140521,3,'沁水县','QSX','山西省晋城市沁水县'),(140522,3,'阳城县','YCX','山西省晋城市阳城县'),(140524,3,'陵川县','LCX','山西省晋城市陵川县'),(140525,3,'泽州县','ZZX','山西省晋城市泽州县'),(140581,3,'高平市','GPS','山西省晋城市高平市'),(140602,3,'朔城区','SCQ','山西省朔州市朔城区'),(140603,3,'平鲁区','PLQ','山西省朔州市平鲁区'),(140621,3,'山阴县','SYX','山西省朔州市山阴县'),(140622,3,'应县','YX','山西省朔州市应县'),(140623,3,'右玉县','YYX','山西省朔州市右玉县'),(140681,3,'怀仁市','HRS','山西省朔州市怀仁市'),(140702,3,'榆次区','YCQ','山西省晋中市榆次区'),(140703,3,'太谷区','TGQ','山西省晋中市太谷区'),(140721,3,'榆社县','YSX','山西省晋中市榆社县'),(140722,3,'左权县','ZQX','山西省晋中市左权县'),(140723,3,'和顺县','HSX','山西省晋中市和顺县'),(140724,3,'昔阳县','XYX','山西省晋中市昔阳县'),(140725,3,'寿阳县','SYX','山西省晋中市寿阳县'),(140727,3,'祁县','QX','山西省晋中市祁县'),(140728,3,'平遥县','PYX','山西省晋中市平遥县'),(140729,3,'灵石县','LSX','山西省晋中市灵石县'),(140781,3,'介休市','JXS','山西省晋中市介休市'),(140802,3,'盐湖区','YHQ','山西省运城市盐湖区'),(140821,3,'临猗县','LYX','山西省运城市临猗县'),(140822,3,'万荣县','WRX','山西省运城市万荣县'),(140823,3,'闻喜县','WXX','山西省运城市闻喜县'),(140824,3,'稷山县','JSX','山西省运城市稷山县'),(140825,3,'新绛县','XJX','山西省运城市新绛县'),(140826,3,'绛县','JX','山西省运城市绛县'),(140827,3,'垣曲县','YQX','山西省运城市垣曲县'),(140828,3,'夏县','XX','山西省运城市夏县'),(140829,3,'平陆县','PLX','山西省运城市平陆县'),(140830,3,'芮城县','RCX','山西省运城市芮城县'),(140881,3,'永济市','YJS','山西省运城市永济市'),(140882,3,'河津市','HJS','山西省运城市河津市'),(140902,3,'忻府区','XFQ','山西省忻州市忻府区'),(140921,3,'定襄县','DXX','山西省忻州市定襄县'),(140922,3,'五台县','WTX','山西省忻州市五台县'),(140923,3,'代县','DX','山西省忻州市代县'),(140924,3,'繁峙县','FZX','山西省忻州市繁峙县'),(140925,3,'宁武县','NWX','山西省忻州市宁武县'),(140926,3,'静乐县','JLX','山西省忻州市静乐县'),(140927,3,'神池县','SCX','山西省忻州市神池县'),(140928,3,'五寨县','WZX','山西省忻州市五寨县'),(140929,3,'岢岚县','KLX','山西省忻州市岢岚县'),(140930,3,'河曲县','HQX','山西省忻州市河曲县'),(140931,3,'保德县','BDX','山西省忻州市保德县'),(140932,3,'偏关县','PGX','山西省忻州市偏关县'),(140981,3,'原平市','YPS','山西省忻州市原平市'),(141002,3,'尧都区','YDQ','山西省临汾市尧都区'),(141021,3,'曲沃县','QWX','山西省临汾市曲沃县'),(141022,3,'翼城县','YCX','山西省临汾市翼城县'),(141023,3,'襄汾县','XFX','山西省临汾市襄汾县'),(141024,3,'洪洞县','HDX','山西省临汾市洪洞县'),(141025,3,'古县','GX','山西省临汾市古县'),(141026,3,'安泽县','AZX','山西省临汾市安泽县'),(141027,3,'浮山县','FSX','山西省临汾市浮山县'),(141028,3,'吉县','JX','山西省临汾市吉县'),(141029,3,'乡宁县','XNX','山西省临汾市乡宁县'),(141030,3,'大宁县','DNX','山西省临汾市大宁县'),(141031,3,'隰县','XX','山西省临汾市隰县'),(141032,3,'永和县','YHX','山西省临汾市永和县'),(141033,3,'蒲县','PX','山西省临汾市蒲县'),(141034,3,'汾西县','FXX','山西省临汾市汾西县'),(141081,3,'侯马市','HMS','山西省临汾市侯马市'),(141082,3,'霍州市','HZS','山西省临汾市霍州市'),(141102,3,'离石区','LSQ','山西省吕梁市离石区'),(141121,3,'文水县','WSX','山西省吕梁市文水县'),(141122,3,'交城县','JCX','山西省吕梁市交城县'),(141123,3,'兴县','XX','山西省吕梁市兴县'),(141124,3,'临县','LX','山西省吕梁市临县'),(141125,3,'柳林县','LLX','山西省吕梁市柳林县'),(141126,3,'石楼县','SLX','山西省吕梁市石楼县'),(141127,3,'岚县','LX','山西省吕梁市岚县'),(141128,3,'方山县','FSX','山西省吕梁市方山县'),(141129,3,'中阳县','ZYX','山西省吕梁市中阳县'),(141130,3,'交口县','JKX','山西省吕梁市交口县'),(141181,3,'孝义市','XYS','山西省吕梁市孝义市'),(141182,3,'汾阳市','FYS','山西省吕梁市汾阳市'),(150102,3,'新城区','XCQ','内蒙古自治区呼和浩特市新城区'),(150103,3,'回民区','HMQ','内蒙古自治区呼和浩特市回民区'),(150104,3,'玉泉区','YQQ','内蒙古自治区呼和浩特市玉泉区'),(150105,3,'赛罕区','SHQ','内蒙古自治区呼和浩特市赛罕区'),(150121,3,'土默特左旗','TMTZQ','内蒙古自治区呼和浩特市土默特左旗'),(150122,3,'托克托县','TKTX','内蒙古自治区呼和浩特市托克托县'),(150123,3,'和林格尔县','HLGEX','内蒙古自治区呼和浩特市和林格尔县'),(150124,3,'清水河县','QSHX','内蒙古自治区呼和浩特市清水河县'),(150125,3,'武川县','WCX','内蒙古自治区呼和浩特市武川县'),(150202,3,'东河区','DHQ','内蒙古自治区包头市东河区'),(150203,3,'昆都仑区','KDLQ','内蒙古自治区包头市昆都仑区'),(150204,3,'青山区','QSQ','内蒙古自治区包头市青山区'),(150205,3,'石拐区','SGQ','内蒙古自治区包头市石拐区'),(150206,3,'白云鄂博矿区','BYEBKQ','内蒙古自治区包头市白云鄂博矿区'),(150207,3,'九原区','JYQ','内蒙古自治区包头市九原区'),(150221,3,'土默特右旗','TMTYQ','内蒙古自治区包头市土默特右旗'),(150222,3,'固阳县','GYX','内蒙古自治区包头市固阳县'),(150223,3,'达尔罕茂明安联合旗','DEHMMALHQ','内蒙古自治区包头市达尔罕茂明安联合旗'),(150302,3,'海勃湾区','HBWQ','内蒙古自治区乌海市海勃湾区'),(150303,3,'海南区','HNQ','内蒙古自治区乌海市海南区'),(150304,3,'乌达区','WDQ','内蒙古自治区乌海市乌达区'),(150402,3,'红山区','HSQ','内蒙古自治区赤峰市红山区'),(150403,3,'元宝山区','YBSQ','内蒙古自治区赤峰市元宝山区'),(150404,3,'松山区','SSQ','内蒙古自治区赤峰市松山区'),(150421,3,'阿鲁科尔沁旗','ALKEQQ','内蒙古自治区赤峰市阿鲁科尔沁旗'),(150422,3,'巴林左旗','BLZQ','内蒙古自治区赤峰市巴林左旗'),(150423,3,'巴林右旗','BLYQ','内蒙古自治区赤峰市巴林右旗'),(150424,3,'林西县','LXX','内蒙古自治区赤峰市林西县'),(150425,3,'克什克腾旗','KSKTQ','内蒙古自治区赤峰市克什克腾旗'),(150426,3,'翁牛特旗','WNTQ','内蒙古自治区赤峰市翁牛特旗'),(150428,3,'喀喇沁旗','KLQQ','内蒙古自治区赤峰市喀喇沁旗'),(150429,3,'宁城县','NCX','内蒙古自治区赤峰市宁城县'),(150430,3,'敖汉旗','AHQ','内蒙古自治区赤峰市敖汉旗'),(150502,3,'科尔沁区','KEQQ','内蒙古自治区通辽市科尔沁区'),(150521,3,'科尔沁左翼中旗','KEQZYZQ','内蒙古自治区通辽市科尔沁左翼中旗'),(150522,3,'科尔沁左翼后旗','KEQZYHQ','内蒙古自治区通辽市科尔沁左翼后旗'),(150523,3,'开鲁县','KLX','内蒙古自治区通辽市开鲁县'),(150524,3,'库伦旗','KLQ','内蒙古自治区通辽市库伦旗'),(150525,3,'奈曼旗','NMQ','内蒙古自治区通辽市奈曼旗'),(150526,3,'扎鲁特旗','ZLTQ','内蒙古自治区通辽市扎鲁特旗'),(150581,3,'霍林郭勒市','HLGLS','内蒙古自治区通辽市霍林郭勒市'),(150602,3,'东胜区','DSQ','内蒙古自治区鄂尔多斯市东胜区'),(150603,3,'康巴什区','KBSQ','内蒙古自治区鄂尔多斯市康巴什区'),(150621,3,'达拉特旗','DLTQ','内蒙古自治区鄂尔多斯市达拉特旗'),(150622,3,'准格尔旗','ZGEQ','内蒙古自治区鄂尔多斯市准格尔旗'),(150623,3,'鄂托克前旗','ETKQQ','内蒙古自治区鄂尔多斯市鄂托克前旗'),(150624,3,'鄂托克旗','ETKQ','内蒙古自治区鄂尔多斯市鄂托克旗'),(150625,3,'杭锦旗','HJQ','内蒙古自治区鄂尔多斯市杭锦旗'),(150626,3,'乌审旗','WSQ','内蒙古自治区鄂尔多斯市乌审旗'),(150627,3,'伊金霍洛旗','YJHLQ','内蒙古自治区鄂尔多斯市伊金霍洛旗'),(150702,3,'海拉尔区','HLEQ','内蒙古自治区呼伦贝尔市海拉尔区'),(150703,3,'扎赉诺尔区','ZLNEQ','内蒙古自治区呼伦贝尔市扎赉诺尔区'),(150721,3,'阿荣旗','ARQ','内蒙古自治区呼伦贝尔市阿荣旗'),(150722,3,'莫力达瓦达斡尔族自治旗','MLDWDWEZZZQ','内蒙古自治区呼伦贝尔市莫力达瓦达斡尔族自治旗'),(150723,3,'鄂伦春自治旗','ELCZZQ','内蒙古自治区呼伦贝尔市鄂伦春自治旗'),(150724,3,'鄂温克族自治旗','EWKZZZQ','内蒙古自治区呼伦贝尔市鄂温克族自治旗'),(150725,3,'陈巴尔虎旗','CBEHQ','内蒙古自治区呼伦贝尔市陈巴尔虎旗'),(150726,3,'新巴尔虎左旗','XBEHZQ','内蒙古自治区呼伦贝尔市新巴尔虎左旗'),(150727,3,'新巴尔虎右旗','XBEHYQ','内蒙古自治区呼伦贝尔市新巴尔虎右旗'),(150781,3,'满洲里市','MZLS','内蒙古自治区呼伦贝尔市满洲里市'),(150782,3,'牙克石市','YKSS','内蒙古自治区呼伦贝尔市牙克石市'),(150783,3,'扎兰屯市','ZLTS','内蒙古自治区呼伦贝尔市扎兰屯市'),(150784,3,'额尔古纳市','EEGNS','内蒙古自治区呼伦贝尔市额尔古纳市'),(150785,3,'根河市','GHS','内蒙古自治区呼伦贝尔市根河市'),(150802,3,'临河区','LHQ','内蒙古自治区巴彦淖尔市临河区'),(150821,3,'五原县','WYX','内蒙古自治区巴彦淖尔市五原县'),(150822,3,'磴口县','DKX','内蒙古自治区巴彦淖尔市磴口县'),(150823,3,'乌拉特前旗','WLTQQ','内蒙古自治区巴彦淖尔市乌拉特前旗'),(150824,3,'乌拉特中旗','WLTZQ','内蒙古自治区巴彦淖尔市乌拉特中旗'),(150825,3,'乌拉特后旗','WLTHQ','内蒙古自治区巴彦淖尔市乌拉特后旗'),(150826,3,'杭锦后旗','HJHQ','内蒙古自治区巴彦淖尔市杭锦后旗'),(150902,3,'集宁区','JNQ','内蒙古自治区乌兰察布市集宁区'),(150921,3,'卓资县','ZZX','内蒙古自治区乌兰察布市卓资县'),(150922,3,'化德县','HDX','内蒙古自治区乌兰察布市化德县'),(150923,3,'商都县','SDX','内蒙古自治区乌兰察布市商都县'),(150924,3,'兴和县','XHX','内蒙古自治区乌兰察布市兴和县'),(150925,3,'凉城县','LCX','内蒙古自治区乌兰察布市凉城县'),(150926,3,'察哈尔右翼前旗','CHEYYQQ','内蒙古自治区乌兰察布市察哈尔右翼前旗'),(150927,3,'察哈尔右翼中旗','CHEYYZQ','内蒙古自治区乌兰察布市察哈尔右翼中旗'),(150928,3,'察哈尔右翼后旗','CHEYYHQ','内蒙古自治区乌兰察布市察哈尔右翼后旗'),(150929,3,'四子王旗','SZWQ','内蒙古自治区乌兰察布市四子王旗'),(150981,3,'丰镇市','FZS','内蒙古自治区乌兰察布市丰镇市'),(152201,3,'乌兰浩特市','WLHTS','内蒙古自治区兴安盟乌兰浩特市'),(152202,3,'阿尔山市','AESS','内蒙古自治区兴安盟阿尔山市'),(152221,3,'科尔沁右翼前旗','KEQYYQQ','内蒙古自治区兴安盟科尔沁右翼前旗'),(152222,3,'科尔沁右翼中旗','KEQYYZQ','内蒙古自治区兴安盟科尔沁右翼中旗'),(152223,3,'扎赉特旗','ZLTQ','内蒙古自治区兴安盟扎赉特旗'),(152224,3,'突泉县','TQX','内蒙古自治区兴安盟突泉县'),(152501,3,'二连浩特市','ELHTS','内蒙古自治区锡林郭勒盟二连浩特市'),(152502,3,'锡林浩特市','XLHTS','内蒙古自治区锡林郭勒盟锡林浩特市'),(152522,3,'阿巴嘎旗','ABGQ','内蒙古自治区锡林郭勒盟阿巴嘎旗'),(152523,3,'苏尼特左旗','SNTZQ','内蒙古自治区锡林郭勒盟苏尼特左旗'),(152524,3,'苏尼特右旗','SNTYQ','内蒙古自治区锡林郭勒盟苏尼特右旗'),(152525,3,'东乌珠穆沁旗','DWZMQQ','内蒙古自治区锡林郭勒盟东乌珠穆沁旗'),(152526,3,'西乌珠穆沁旗','XWZMQQ','内蒙古自治区锡林郭勒盟西乌珠穆沁旗'),(152527,3,'太仆寺旗','TPSQ','内蒙古自治区锡林郭勒盟太仆寺旗'),(152528,3,'镶黄旗','XHQ','内蒙古自治区锡林郭勒盟镶黄旗'),(152529,3,'正镶白旗','ZXBQ','内蒙古自治区锡林郭勒盟正镶白旗'),(152530,3,'正蓝旗','ZLQ','内蒙古自治区锡林郭勒盟正蓝旗'),(152531,3,'多伦县','DLX','内蒙古自治区锡林郭勒盟多伦县'),(152921,3,'阿拉善左旗','ALSZQ','内蒙古自治区阿拉善盟阿拉善左旗'),(152922,3,'阿拉善右旗','ALSYQ','内蒙古自治区阿拉善盟阿拉善右旗'),(152923,3,'额济纳旗','EJNQ','内蒙古自治区阿拉善盟额济纳旗'),(210102,3,'和平区','HPQ','辽宁省沈阳市和平区'),(210103,3,'沈河区','SHQ','辽宁省沈阳市沈河区'),(210104,3,'大东区','DDQ','辽宁省沈阳市大东区'),(210105,3,'皇姑区','HGQ','辽宁省沈阳市皇姑区'),(210106,3,'铁西区','TXQ','辽宁省沈阳市铁西区'),(210111,3,'苏家屯区','SJTQ','辽宁省沈阳市苏家屯区'),(210112,3,'浑南区','HNQ','辽宁省沈阳市浑南区'),(210113,3,'沈北新区','SBXQ','辽宁省沈阳市沈北新区'),(210114,3,'于洪区','YHQ','辽宁省沈阳市于洪区'),(210115,3,'辽中区','LZQ','辽宁省沈阳市辽中区'),(210123,3,'康平县','KPX','辽宁省沈阳市康平县'),(210124,3,'法库县','FKX','辽宁省沈阳市法库县'),(210181,3,'新民市','XMS','辽宁省沈阳市新民市'),(210202,3,'中山区','ZSQ','辽宁省大连市中山区'),(210203,3,'西岗区','XGQ','辽宁省大连市西岗区'),(210204,3,'沙河口区','SHKQ','辽宁省大连市沙河口区'),(210211,3,'甘井子区','GJZQ','辽宁省大连市甘井子区'),(210212,3,'旅顺口区','LSKQ','辽宁省大连市旅顺口区'),(210213,3,'金州区','JZQ','辽宁省大连市金州区'),(210214,3,'普兰店区','PLDQ','辽宁省大连市普兰店区'),(210224,3,'长海县','ZHX','辽宁省大连市长海县'),(210281,3,'瓦房店市','WFDS','辽宁省大连市瓦房店市'),(210283,3,'庄河市','ZHS','辽宁省大连市庄河市'),(210302,3,'铁东区','TDQ','辽宁省鞍山市铁东区'),(210303,3,'铁西区','TXQ','辽宁省鞍山市铁西区'),(210304,3,'立山区','LSQ','辽宁省鞍山市立山区'),(210311,3,'千山区','QSQ','辽宁省鞍山市千山区'),(210321,3,'台安县','TAX','辽宁省鞍山市台安县'),(210323,3,'岫岩满族自治县','XYMZZZX','辽宁省鞍山市岫岩满族自治县'),(210381,3,'海城市','HCS','辽宁省鞍山市海城市'),(210402,3,'新抚区','XFQ','辽宁省抚顺市新抚区'),(210403,3,'东洲区','DZQ','辽宁省抚顺市东洲区'),(210404,3,'望花区','WHQ','辽宁省抚顺市望花区'),(210411,3,'顺城区','SCQ','辽宁省抚顺市顺城区'),(210421,3,'抚顺县','FSX','辽宁省抚顺市抚顺县'),(210422,3,'新宾满族自治县','XBMZZZX','辽宁省抚顺市新宾满族自治县'),(210423,3,'清原满族自治县','QYMZZZX','辽宁省抚顺市清原满族自治县'),(210502,3,'平山区','PSQ','辽宁省本溪市平山区'),(210503,3,'溪湖区','XHQ','辽宁省本溪市溪湖区'),(210504,3,'明山区','MSQ','辽宁省本溪市明山区'),(210505,3,'南芬区','NFQ','辽宁省本溪市南芬区'),(210521,3,'本溪满族自治县','BXMZZZX','辽宁省本溪市本溪满族自治县'),(210522,3,'桓仁满族自治县','HRMZZZX','辽宁省本溪市桓仁满族自治县'),(210602,3,'元宝区','YBQ','辽宁省丹东市元宝区'),(210603,3,'振兴区','ZXQ','辽宁省丹东市振兴区'),(210604,3,'振安区','ZAQ','辽宁省丹东市振安区'),(210624,3,'宽甸满族自治县','KDMZZZX','辽宁省丹东市宽甸满族自治县'),(210681,3,'东港市','DGS','辽宁省丹东市东港市'),(210682,3,'凤城市','FCS','辽宁省丹东市凤城市'),(210702,3,'古塔区','GTQ','辽宁省锦州市古塔区'),(210703,3,'凌河区','LHQ','辽宁省锦州市凌河区'),(210711,3,'太和区','THQ','辽宁省锦州市太和区'),(210726,3,'黑山县','HSX','辽宁省锦州市黑山县'),(210727,3,'义县','YX','辽宁省锦州市义县'),(210781,3,'凌海市','LHS','辽宁省锦州市凌海市'),(210782,3,'北镇市','BZS','辽宁省锦州市北镇市'),(210802,3,'站前区','ZQQ','辽宁省营口市站前区'),(210803,3,'西市区','XSQ','辽宁省营口市西市区'),(210804,3,'鲅鱼圈区','BYQQ','辽宁省营口市鲅鱼圈区'),(210811,3,'老边区','LBQ','辽宁省营口市老边区'),(210881,3,'盖州市','GZS','辽宁省营口市盖州市'),(210882,3,'大石桥市','DSQS','辽宁省营口市大石桥市'),(210902,3,'海州区','HZQ','辽宁省阜新市海州区'),(210903,3,'新邱区','XQQ','辽宁省阜新市新邱区'),(210904,3,'太平区','TPQ','辽宁省阜新市太平区'),(210905,3,'清河门区','QHMQ','辽宁省阜新市清河门区'),(210911,3,'细河区','XHQ','辽宁省阜新市细河区'),(210921,3,'阜新蒙古族自治县','FXMGZZZX','辽宁省阜新市阜新蒙古族自治县'),(210922,3,'彰武县','ZWX','辽宁省阜新市彰武县'),(211002,3,'白塔区','BTQ','辽宁省辽阳市白塔区'),(211003,3,'文圣区','WSQ','辽宁省辽阳市文圣区'),(211004,3,'宏伟区','HWQ','辽宁省辽阳市宏伟区'),(211005,3,'弓长岭区','GZLQ','辽宁省辽阳市弓长岭区'),(211011,3,'太子河区','TZHQ','辽宁省辽阳市太子河区'),(211021,3,'辽阳县','LYX','辽宁省辽阳市辽阳县'),(211081,3,'灯塔市','DTS','辽宁省辽阳市灯塔市'),(211102,3,'双台子区','STZQ','辽宁省盘锦市双台子区'),(211103,3,'兴隆台区','XLTQ','辽宁省盘锦市兴隆台区'),(211104,3,'大洼区','DWQ','辽宁省盘锦市大洼区'),(211122,3,'盘山县','PSX','辽宁省盘锦市盘山县'),(211202,3,'银州区','YZQ','辽宁省铁岭市银州区'),(211204,3,'清河区','QHQ','辽宁省铁岭市清河区'),(211221,3,'铁岭县','TLX','辽宁省铁岭市铁岭县'),(211223,3,'西丰县','XFX','辽宁省铁岭市西丰县'),(211224,3,'昌图县','CTX','辽宁省铁岭市昌图县'),(211281,3,'调兵山市','DBSS','辽宁省铁岭市调兵山市'),(211282,3,'开原市','KYS','辽宁省铁岭市开原市'),(211302,3,'双塔区','STQ','辽宁省朝阳市双塔区'),(211303,3,'龙城区','LCQ','辽宁省朝阳市龙城区'),(211321,3,'朝阳县','CYX','辽宁省朝阳市朝阳县'),(211322,3,'建平县','JPX','辽宁省朝阳市建平县'),(211324,3,'喀喇沁左翼蒙古族自治县','KLQZYMGZZZX','辽宁省朝阳市喀喇沁左翼蒙古族自治县'),(211381,3,'北票市','BPS','辽宁省朝阳市北票市'),(211382,3,'凌源市','LYS','辽宁省朝阳市凌源市'),(211402,3,'连山区','LSQ','辽宁省葫芦岛市连山区'),(211403,3,'龙港区','LGQ','辽宁省葫芦岛市龙港区'),(211404,3,'南票区','NPQ','辽宁省葫芦岛市南票区'),(211421,3,'绥中县','SZX','辽宁省葫芦岛市绥中县'),(211422,3,'建昌县','JCX','辽宁省葫芦岛市建昌县'),(211481,3,'兴城市','XCS','辽宁省葫芦岛市兴城市'),(220102,3,'南关区','NGQ','吉林省长春市南关区'),(220103,3,'宽城区','KCQ','吉林省长春市宽城区'),(220104,3,'朝阳区','CYQ','吉林省长春市朝阳区'),(220105,3,'二道区','EDQ','吉林省长春市二道区'),(220106,3,'绿园区','LYQ','吉林省长春市绿园区'),(220112,3,'双阳区','SYQ','吉林省长春市双阳区'),(220113,3,'九台区','JTQ','吉林省长春市九台区'),(220122,3,'农安县','NAX','吉林省长春市农安县'),(220182,3,'榆树市','YSS','吉林省长春市榆树市'),(220183,3,'德惠市','DHS','吉林省长春市德惠市'),(220184,3,'公主岭市','GZLS','吉林省长春市公主岭市'),(220202,3,'昌邑区','CYQ','吉林省吉林市昌邑区'),(220203,3,'龙潭区','LTQ','吉林省吉林市龙潭区'),(220204,3,'船营区','CYQ','吉林省吉林市船营区'),(220211,3,'丰满区','FMQ','吉林省吉林市丰满区'),(220221,3,'永吉县','YJX','吉林省吉林市永吉县'),(220281,3,'蛟河市','JHS','吉林省吉林市蛟河市'),(220282,3,'桦甸市','HDS','吉林省吉林市桦甸市'),(220283,3,'舒兰市','SLS','吉林省吉林市舒兰市'),(220284,3,'磐石市','PSS','吉林省吉林市磐石市'),(220302,3,'铁西区','TXQ','吉林省四平市铁西区'),(220303,3,'铁东区','TDQ','吉林省四平市铁东区'),(220322,3,'梨树县','LSX','吉林省四平市梨树县'),(220323,3,'伊通满族自治县','YTMZZZX','吉林省四平市伊通满族自治县'),(220382,3,'双辽市','SLS','吉林省四平市双辽市'),(220402,3,'龙山区','LSQ','吉林省辽源市龙山区'),(220403,3,'西安区','XAQ','吉林省辽源市西安区'),(220421,3,'东丰县','DFX','吉林省辽源市东丰县'),(220422,3,'东辽县','DLX','吉林省辽源市东辽县'),(220502,3,'东昌区','DCQ','吉林省通化市东昌区'),(220503,3,'二道江区','EDJQ','吉林省通化市二道江区'),(220521,3,'通化县','THX','吉林省通化市通化县'),(220523,3,'辉南县','HNX','吉林省通化市辉南县'),(220524,3,'柳河县','LHX','吉林省通化市柳河县'),(220581,3,'梅河口市','MHKS','吉林省通化市梅河口市'),(220582,3,'集安市','JAS','吉林省通化市集安市'),(220602,3,'浑江区','HJQ','吉林省白山市浑江区'),(220605,3,'江源区','JYQ','吉林省白山市江源区'),(220621,3,'抚松县','FSX','吉林省白山市抚松县'),(220622,3,'靖宇县','JYX','吉林省白山市靖宇县'),(220623,3,'长白朝鲜族自治县','ZBCXZZZX','吉林省白山市长白朝鲜族自治县'),(220681,3,'临江市','LJS','吉林省白山市临江市'),(220702,3,'宁江区','NJQ','吉林省松原市宁江区'),(220721,3,'前郭尔罗斯蒙古族自治县','QGELSMGZZZX','吉林省松原市前郭尔罗斯蒙古族自治县'),(220722,3,'长岭县','ZLX','吉林省松原市长岭县'),(220723,3,'乾安县','QAX','吉林省松原市乾安县'),(220781,3,'扶余市','FYS','吉林省松原市扶余市'),(220802,3,'洮北区','TBQ','吉林省白城市洮北区'),(220821,3,'镇赉县','ZLX','吉林省白城市镇赉县'),(220822,3,'通榆县','TYX','吉林省白城市通榆县'),(220881,3,'洮南市','TNS','吉林省白城市洮南市'),(220882,3,'大安市','DAS','吉林省白城市大安市'),(222401,3,'延吉市','YJS','吉林省延边朝鲜族自治州延吉市'),(222402,3,'图们市','TMS','吉林省延边朝鲜族自治州图们市'),(222403,3,'敦化市','DHS','吉林省延边朝鲜族自治州敦化市'),(222404,3,'珲春市','HCS','吉林省延边朝鲜族自治州珲春市'),(222405,3,'龙井市','LJS','吉林省延边朝鲜族自治州龙井市'),(222406,3,'和龙市','HLS','吉林省延边朝鲜族自治州和龙市'),(222424,3,'汪清县','WQX','吉林省延边朝鲜族自治州汪清县'),(222426,3,'安图县','ATX','吉林省延边朝鲜族自治州安图县'),(230102,3,'道里区','DLQ','黑龙江省哈尔滨市道里区'),(230103,3,'南岗区','NGQ','黑龙江省哈尔滨市南岗区'),(230104,3,'道外区','DWQ','黑龙江省哈尔滨市道外区'),(230108,3,'平房区','PFQ','黑龙江省哈尔滨市平房区'),(230109,3,'松北区','SBQ','黑龙江省哈尔滨市松北区'),(230110,3,'香坊区','XFQ','黑龙江省哈尔滨市香坊区'),(230111,3,'呼兰区','HLQ','黑龙江省哈尔滨市呼兰区'),(230112,3,'阿城区','ACQ','黑龙江省哈尔滨市阿城区'),(230113,3,'双城区','SCQ','黑龙江省哈尔滨市双城区'),(230123,3,'依兰县','YLX','黑龙江省哈尔滨市依兰县'),(230124,3,'方正县','FZX','黑龙江省哈尔滨市方正县'),(230125,3,'宾县','BX','黑龙江省哈尔滨市宾县'),(230126,3,'巴彦县','BYX','黑龙江省哈尔滨市巴彦县'),(230127,3,'木兰县','MLX','黑龙江省哈尔滨市木兰县'),(230128,3,'通河县','THX','黑龙江省哈尔滨市通河县'),(230129,3,'延寿县','YSX','黑龙江省哈尔滨市延寿县'),(230183,3,'尚志市','SZS','黑龙江省哈尔滨市尚志市'),(230184,3,'五常市','WCS','黑龙江省哈尔滨市五常市'),(230202,3,'龙沙区','LSQ','黑龙江省齐齐哈尔市龙沙区'),(230203,3,'建华区','JHQ','黑龙江省齐齐哈尔市建华区'),(230204,3,'铁锋区','TFQ','黑龙江省齐齐哈尔市铁锋区'),(230205,3,'昂昂溪区','AAXQ','黑龙江省齐齐哈尔市昂昂溪区'),(230206,3,'富拉尔基区','FLEJQ','黑龙江省齐齐哈尔市富拉尔基区'),(230207,3,'碾子山区','NZSQ','黑龙江省齐齐哈尔市碾子山区'),(230208,3,'梅里斯达斡尔族区','MLSDWEZQ','黑龙江省齐齐哈尔市梅里斯达斡尔族区'),(230221,3,'龙江县','LJX','黑龙江省齐齐哈尔市龙江县'),(230223,3,'依安县','YAX','黑龙江省齐齐哈尔市依安县'),(230224,3,'泰来县','TLX','黑龙江省齐齐哈尔市泰来县'),(230225,3,'甘南县','GNX','黑龙江省齐齐哈尔市甘南县'),(230227,3,'富裕县','FYX','黑龙江省齐齐哈尔市富裕县'),(230229,3,'克山县','KSX','黑龙江省齐齐哈尔市克山县'),(230230,3,'克东县','KDX','黑龙江省齐齐哈尔市克东县'),(230231,3,'拜泉县','BQX','黑龙江省齐齐哈尔市拜泉县'),(230281,3,'讷河市','NHS','黑龙江省齐齐哈尔市讷河市'),(230302,3,'鸡冠区','JGQ','黑龙江省鸡西市鸡冠区'),(230303,3,'恒山区','HSQ','黑龙江省鸡西市恒山区'),(230304,3,'滴道区','DDQ','黑龙江省鸡西市滴道区'),(230305,3,'梨树区','LSQ','黑龙江省鸡西市梨树区'),(230306,3,'城子河区','CZHQ','黑龙江省鸡西市城子河区'),(230307,3,'麻山区','MSQ','黑龙江省鸡西市麻山区'),(230321,3,'鸡东县','JDX','黑龙江省鸡西市鸡东县'),(230381,3,'虎林市','HLS','黑龙江省鸡西市虎林市'),(230382,3,'密山市','MSS','黑龙江省鸡西市密山市'),(230402,3,'向阳区','XYQ','黑龙江省鹤岗市向阳区'),(230403,3,'工农区','GNQ','黑龙江省鹤岗市工农区'),(230404,3,'南山区','NSQ','黑龙江省鹤岗市南山区'),(230405,3,'兴安区','XAQ','黑龙江省鹤岗市兴安区'),(230406,3,'东山区','DSQ','黑龙江省鹤岗市东山区'),(230407,3,'兴山区','XSQ','黑龙江省鹤岗市兴山区'),(230421,3,'萝北县','LBX','黑龙江省鹤岗市萝北县'),(230422,3,'绥滨县','SBX','黑龙江省鹤岗市绥滨县'),(230502,3,'尖山区','JSQ','黑龙江省双鸭山市尖山区'),(230503,3,'岭东区','LDQ','黑龙江省双鸭山市岭东区'),(230505,3,'四方台区','SFTQ','黑龙江省双鸭山市四方台区'),(230506,3,'宝山区','BSQ','黑龙江省双鸭山市宝山区'),(230521,3,'集贤县','JXX','黑龙江省双鸭山市集贤县'),(230522,3,'友谊县','YYX','黑龙江省双鸭山市友谊县'),(230523,3,'宝清县','BQX','黑龙江省双鸭山市宝清县'),(230524,3,'饶河县','RHX','黑龙江省双鸭山市饶河县'),(230602,3,'萨尔图区','SETQ','黑龙江省大庆市萨尔图区'),(230603,3,'龙凤区','LFQ','黑龙江省大庆市龙凤区'),(230604,3,'让胡路区','RHLQ','黑龙江省大庆市让胡路区'),(230605,3,'红岗区','HGQ','黑龙江省大庆市红岗区'),(230606,3,'大同区','DTQ','黑龙江省大庆市大同区'),(230621,3,'肇州县','ZZX','黑龙江省大庆市肇州县'),(230622,3,'肇源县','ZYX','黑龙江省大庆市肇源县'),(230623,3,'林甸县','LDX','黑龙江省大庆市林甸县'),(230624,3,'杜尔伯特蒙古族自治县','DEBTMGZZZX','黑龙江省大庆市杜尔伯特蒙古族自治县'),(230717,3,'伊美区','YMQ','黑龙江省伊春市伊美区'),(230718,3,'乌翠区','WCQ','黑龙江省伊春市乌翠区'),(230719,3,'友好区','YHQ','黑龙江省伊春市友好区'),(230722,3,'嘉荫县','JYX','黑龙江省伊春市嘉荫县'),(230723,3,'汤旺县','TWX','黑龙江省伊春市汤旺县'),(230724,3,'丰林县','FLX','黑龙江省伊春市丰林县'),(230725,3,'大箐山县','DQSX','黑龙江省伊春市大箐山县'),(230726,3,'南岔县','NCX','黑龙江省伊春市南岔县'),(230751,3,'金林区','JLQ','黑龙江省伊春市金林区'),(230781,3,'铁力市','TLS','黑龙江省伊春市铁力市'),(230803,3,'向阳区','XYQ','黑龙江省佳木斯市向阳区'),(230804,3,'前进区','QJQ','黑龙江省佳木斯市前进区'),(230805,3,'东风区','DFQ','黑龙江省佳木斯市东风区'),(230811,3,'郊区','JQ','黑龙江省佳木斯市郊区'),(230822,3,'桦南县','HNX','黑龙江省佳木斯市桦南县'),(230826,3,'桦川县','HCX','黑龙江省佳木斯市桦川县'),(230828,3,'汤原县','TYX','黑龙江省佳木斯市汤原县'),(230881,3,'同江市','TJS','黑龙江省佳木斯市同江市'),(230882,3,'富锦市','FJS','黑龙江省佳木斯市富锦市'),(230883,3,'抚远市','FYS','黑龙江省佳木斯市抚远市'),(230902,3,'新兴区','XXQ','黑龙江省七台河市新兴区'),(230903,3,'桃山区','TSQ','黑龙江省七台河市桃山区'),(230904,3,'茄子河区','QZHQ','黑龙江省七台河市茄子河区'),(230921,3,'勃利县','BLX','黑龙江省七台河市勃利县'),(231002,3,'东安区','DAQ','黑龙江省牡丹江市东安区'),(231003,3,'阳明区','YMQ','黑龙江省牡丹江市阳明区'),(231004,3,'爱民区','AMQ','黑龙江省牡丹江市爱民区'),(231005,3,'西安区','XAQ','黑龙江省牡丹江市西安区'),(231025,3,'林口县','LKX','黑龙江省牡丹江市林口县'),(231081,3,'绥芬河市','SFHS','黑龙江省牡丹江市绥芬河市'),(231083,3,'海林市','HLS','黑龙江省牡丹江市海林市'),(231084,3,'宁安市','NAS','黑龙江省牡丹江市宁安市'),(231085,3,'穆棱市','MLS','黑龙江省牡丹江市穆棱市'),(231086,3,'东宁市','DNS','黑龙江省牡丹江市东宁市'),(231102,3,'爱辉区','AHQ','黑龙江省黑河市爱辉区'),(231123,3,'逊克县','XKX','黑龙江省黑河市逊克县'),(231124,3,'孙吴县','SWX','黑龙江省黑河市孙吴县'),(231181,3,'北安市','BAS','黑龙江省黑河市北安市'),(231182,3,'五大连池市','WDLCS','黑龙江省黑河市五大连池市'),(231183,3,'嫩江市','NJS','黑龙江省黑河市嫩江市'),(231202,3,'北林区','BLQ','黑龙江省绥化市北林区'),(231221,3,'望奎县','WKX','黑龙江省绥化市望奎县'),(231222,3,'兰西县','LXX','黑龙江省绥化市兰西县'),(231223,3,'青冈县','QGX','黑龙江省绥化市青冈县'),(231224,3,'庆安县','QAX','黑龙江省绥化市庆安县'),(231225,3,'明水县','MSX','黑龙江省绥化市明水县'),(231226,3,'绥棱县','SLX','黑龙江省绥化市绥棱县'),(231281,3,'安达市','ADS','黑龙江省绥化市安达市'),(231282,3,'肇东市','ZDS','黑龙江省绥化市肇东市'),(231283,3,'海伦市','HLS','黑龙江省绥化市海伦市'),(232701,3,'漠河市','MHS','黑龙江省大兴安岭地区漠河市'),(232721,3,'呼玛县','HMX','黑龙江省大兴安岭地区呼玛县'),(232722,3,'塔河县','THX','黑龙江省大兴安岭地区塔河县'),(310101,3,'黄浦区','HPQ','上海市黄浦区'),(310104,3,'徐汇区','XHQ','上海市徐汇区'),(310105,3,'长宁区','ZNQ','上海市长宁区'),(310106,3,'静安区','JAQ','上海市静安区'),(310107,3,'普陀区','PTQ','上海市普陀区'),(310109,3,'虹口区','HKQ','上海市虹口区'),(310110,3,'杨浦区','YPQ','上海市杨浦区'),(310112,3,'闵行区','MXQ','上海市闵行区'),(310113,3,'宝山区','BSQ','上海市宝山区'),(310114,3,'嘉定区','JDQ','上海市嘉定区'),(310115,3,'浦东新区','PDXQ','上海市浦东新区'),(310116,3,'金山区','JSQ','上海市金山区'),(310117,3,'松江区','SJQ','上海市松江区'),(310118,3,'青浦区','QPQ','上海市青浦区'),(310120,3,'奉贤区','FXQ','上海市奉贤区'),(310151,3,'崇明区','CMQ','上海市崇明区'),(320102,3,'玄武区','XWQ','江苏省南京市玄武区'),(320104,3,'秦淮区','QHQ','江苏省南京市秦淮区'),(320105,3,'建邺区','JYQ','江苏省南京市建邺区'),(320106,3,'鼓楼区','GLQ','江苏省南京市鼓楼区'),(320111,3,'浦口区','PKQ','江苏省南京市浦口区'),(320113,3,'栖霞区','QXQ','江苏省南京市栖霞区'),(320114,3,'雨花台区','YHTQ','江苏省南京市雨花台区'),(320115,3,'江宁区','JNQ','江苏省南京市江宁区'),(320116,3,'六合区','LHQ','江苏省南京市六合区'),(320117,3,'溧水区','LSQ','江苏省南京市溧水区'),(320118,3,'高淳区','GCQ','江苏省南京市高淳区'),(320205,3,'锡山区','XSQ','江苏省无锡市锡山区'),(320206,3,'惠山区','HSQ','江苏省无锡市惠山区'),(320211,3,'滨湖区','BHQ','江苏省无锡市滨湖区'),(320213,3,'梁溪区','LXQ','江苏省无锡市梁溪区'),(320214,3,'新吴区','XWQ','江苏省无锡市新吴区'),(320281,3,'江阴市','JYS','江苏省无锡市江阴市'),(320282,3,'宜兴市','YXS','江苏省无锡市宜兴市'),(320302,3,'鼓楼区','GLQ','江苏省徐州市鼓楼区'),(320303,3,'云龙区','YLQ','江苏省徐州市云龙区'),(320305,3,'贾汪区','JWQ','江苏省徐州市贾汪区'),(320311,3,'泉山区','QSQ','江苏省徐州市泉山区'),(320312,3,'铜山区','TSQ','江苏省徐州市铜山区'),(320321,3,'丰县','FX','江苏省徐州市丰县'),(320322,3,'沛县','PX','江苏省徐州市沛县'),(320324,3,'睢宁县','SNX','江苏省徐州市睢宁县'),(320381,3,'新沂市','XYS','江苏省徐州市新沂市'),(320382,3,'邳州市','PZS','江苏省徐州市邳州市'),(320402,3,'天宁区','TNQ','江苏省常州市天宁区'),(320404,3,'钟楼区','ZLQ','江苏省常州市钟楼区'),(320411,3,'新北区','XBQ','江苏省常州市新北区'),(320412,3,'武进区','WJQ','江苏省常州市武进区'),(320413,3,'金坛区','JTQ','江苏省常州市金坛区'),(320481,3,'溧阳市','LYS','江苏省常州市溧阳市'),(320505,3,'虎丘区','HQQ','江苏省苏州市虎丘区'),(320506,3,'吴中区','WZQ','江苏省苏州市吴中区'),(320507,3,'相城区','XCQ','江苏省苏州市相城区'),(320508,3,'姑苏区','GSQ','江苏省苏州市姑苏区'),(320509,3,'吴江区','WJQ','江苏省苏州市吴江区'),(320581,3,'常熟市','CSS','江苏省苏州市常熟市'),(320582,3,'张家港市','ZJGS','江苏省苏州市张家港市'),(320583,3,'昆山市','KSS','江苏省苏州市昆山市'),(320585,3,'太仓市','TCS','江苏省苏州市太仓市'),(320612,3,'通州区','TZQ','江苏省南通市通州区'),(320613,3,'崇川区','CCQ','江苏省南通市崇川区'),(320614,3,'海门区','HMQ','江苏省南通市海门区'),(320623,3,'如东县','RDX','江苏省南通市如东县'),(320681,3,'启东市','QDS','江苏省南通市启东市'),(320682,3,'如皋市','RGS','江苏省南通市如皋市'),(320685,3,'海安市','HAS','江苏省南通市海安市'),(320703,3,'连云区','LYQ','江苏省连云港市连云区'),(320706,3,'海州区','HZQ','江苏省连云港市海州区'),(320707,3,'赣榆区','GYQ','江苏省连云港市赣榆区'),(320722,3,'东海县','DHX','江苏省连云港市东海县'),(320723,3,'灌云县','GYX','江苏省连云港市灌云县'),(320724,3,'灌南县','GNX','江苏省连云港市灌南县'),(320803,3,'淮安区','HAQ','江苏省淮安市淮安区'),(320804,3,'淮阴区','HYQ','江苏省淮安市淮阴区'),(320812,3,'清江浦区','QJPQ','江苏省淮安市清江浦区'),(320813,3,'洪泽区','HZQ','江苏省淮安市洪泽区'),(320826,3,'涟水县','LSX','江苏省淮安市涟水县'),(320830,3,'盱眙县','XYX','江苏省淮安市盱眙县'),(320831,3,'金湖县','JHX','江苏省淮安市金湖县'),(320902,3,'亭湖区','THQ','江苏省盐城市亭湖区'),(320903,3,'盐都区','YDQ','江苏省盐城市盐都区'),(320904,3,'大丰区','DFQ','江苏省盐城市大丰区'),(320921,3,'响水县','XSX','江苏省盐城市响水县'),(320922,3,'滨海县','BHX','江苏省盐城市滨海县'),(320923,3,'阜宁县','FNX','江苏省盐城市阜宁县'),(320924,3,'射阳县','SYX','江苏省盐城市射阳县'),(320925,3,'建湖县','JHX','江苏省盐城市建湖县'),(320981,3,'东台市','DTS','江苏省盐城市东台市'),(321002,3,'广陵区','GLQ','江苏省扬州市广陵区'),(321003,3,'邗江区','HJQ','江苏省扬州市邗江区'),(321012,3,'江都区','JDQ','江苏省扬州市江都区'),(321023,3,'宝应县','BYX','江苏省扬州市宝应县'),(321081,3,'仪征市','YZS','江苏省扬州市仪征市'),(321084,3,'高邮市','GYS','江苏省扬州市高邮市'),(321102,3,'京口区','JKQ','江苏省镇江市京口区'),(321111,3,'润州区','RZQ','江苏省镇江市润州区'),(321112,3,'丹徒区','DTQ','江苏省镇江市丹徒区'),(321181,3,'丹阳市','DYS','江苏省镇江市丹阳市'),(321182,3,'扬中市','YZS','江苏省镇江市扬中市'),(321183,3,'句容市','JRS','江苏省镇江市句容市'),(321202,3,'海陵区','HLQ','江苏省泰州市海陵区'),(321203,3,'高港区','GGQ','江苏省泰州市高港区'),(321204,3,'姜堰区','JYQ','江苏省泰州市姜堰区'),(321281,3,'兴化市','XHS','江苏省泰州市兴化市'),(321282,3,'靖江市','JJS','江苏省泰州市靖江市'),(321283,3,'泰兴市','TXS','江苏省泰州市泰兴市'),(321302,3,'宿城区','SCQ','江苏省宿迁市宿城区'),(321311,3,'宿豫区','SYQ','江苏省宿迁市宿豫区'),(321322,3,'沭阳县','SYX','江苏省宿迁市沭阳县'),(321323,3,'泗阳县','SYX','江苏省宿迁市泗阳县'),(321324,3,'泗洪县','SHX','江苏省宿迁市泗洪县'),(330102,3,'上城区','SCQ','浙江省杭州市上城区'),(330103,3,'下城区','XCQ','浙江省杭州市下城区'),(330104,3,'江干区','JGQ','浙江省杭州市江干区'),(330105,3,'拱墅区','GSQ','浙江省杭州市拱墅区'),(330106,3,'西湖区','XHQ','浙江省杭州市西湖区'),(330108,3,'滨江区','BJQ','浙江省杭州市滨江区'),(330109,3,'萧山区','XSQ','浙江省杭州市萧山区'),(330110,3,'余杭区','YHQ','浙江省杭州市余杭区'),(330111,3,'富阳区','FYQ','浙江省杭州市富阳区'),(330112,3,'临安区','LAQ','浙江省杭州市临安区'),(330122,3,'桐庐县','TLX','浙江省杭州市桐庐县'),(330127,3,'淳安县','CAX','浙江省杭州市淳安县'),(330182,3,'建德市','JDS','浙江省杭州市建德市'),(330203,3,'海曙区','HSQ','浙江省宁波市海曙区'),(330205,3,'江北区','JBQ','浙江省宁波市江北区'),(330206,3,'北仑区','BLQ','浙江省宁波市北仑区'),(330211,3,'镇海区','ZHQ','浙江省宁波市镇海区'),(330212,3,'鄞州区','YZQ','浙江省宁波市鄞州区'),(330213,3,'奉化区','FHQ','浙江省宁波市奉化区'),(330225,3,'象山县','XSX','浙江省宁波市象山县'),(330226,3,'宁海县','NHX','浙江省宁波市宁海县'),(330281,3,'余姚市','YYS','浙江省宁波市余姚市'),(330282,3,'慈溪市','CXS','浙江省宁波市慈溪市'),(330302,3,'鹿城区','LCQ','浙江省温州市鹿城区'),(330303,3,'龙湾区','LWQ','浙江省温州市龙湾区'),(330304,3,'瓯海区','OHQ','浙江省温州市瓯海区'),(330305,3,'洞头区','DTQ','浙江省温州市洞头区'),(330324,3,'永嘉县','YJX','浙江省温州市永嘉县'),(330326,3,'平阳县','PYX','浙江省温州市平阳县'),(330327,3,'苍南县','CNX','浙江省温州市苍南县'),(330328,3,'文成县','WCX','浙江省温州市文成县'),(330329,3,'泰顺县','TSX','浙江省温州市泰顺县'),(330381,3,'瑞安市','RAS','浙江省温州市瑞安市'),(330382,3,'乐清市','LQS','浙江省温州市乐清市'),(330383,3,'龙港市','LGS','浙江省温州市龙港市'),(330402,3,'南湖区','NHQ','浙江省嘉兴市南湖区'),(330411,3,'秀洲区','XZQ','浙江省嘉兴市秀洲区'),(330421,3,'嘉善县','JSX','浙江省嘉兴市嘉善县'),(330424,3,'海盐县','HYX','浙江省嘉兴市海盐县'),(330481,3,'海宁市','HNS','浙江省嘉兴市海宁市'),(330482,3,'平湖市','PHS','浙江省嘉兴市平湖市'),(330483,3,'桐乡市','TXS','浙江省嘉兴市桐乡市'),(330502,3,'吴兴区','WXQ','浙江省湖州市吴兴区'),(330503,3,'南浔区','NXQ','浙江省湖州市南浔区'),(330521,3,'德清县','DQX','浙江省湖州市德清县'),(330522,3,'长兴县','ZXX','浙江省湖州市长兴县'),(330523,3,'安吉县','AJX','浙江省湖州市安吉县'),(330602,3,'越城区','YCQ','浙江省绍兴市越城区'),(330603,3,'柯桥区','KQQ','浙江省绍兴市柯桥区'),(330604,3,'上虞区','SYQ','浙江省绍兴市上虞区'),(330624,3,'新昌县','XCX','浙江省绍兴市新昌县'),(330681,3,'诸暨市','ZJS','浙江省绍兴市诸暨市'),(330683,3,'嵊州市','SZS','浙江省绍兴市嵊州市'),(330702,3,'婺城区','WCQ','浙江省金华市婺城区'),(330703,3,'金东区','JDQ','浙江省金华市金东区'),(330723,3,'武义县','WYX','浙江省金华市武义县'),(330726,3,'浦江县','PJX','浙江省金华市浦江县'),(330727,3,'磐安县','PAX','浙江省金华市磐安县'),(330781,3,'兰溪市','LXS','浙江省金华市兰溪市'),(330782,3,'义乌市','YWS','浙江省金华市义乌市'),(330783,3,'东阳市','DYS','浙江省金华市东阳市'),(330784,3,'永康市','YKS','浙江省金华市永康市'),(330802,3,'柯城区','KCQ','浙江省衢州市柯城区'),(330803,3,'衢江区','QJQ','浙江省衢州市衢江区'),(330822,3,'常山县','CSX','浙江省衢州市常山县'),(330824,3,'开化县','KHX','浙江省衢州市开化县'),(330825,3,'龙游县','LYX','浙江省衢州市龙游县'),(330881,3,'江山市','JSS','浙江省衢州市江山市'),(330902,3,'定海区','DHQ','浙江省舟山市定海区'),(330903,3,'普陀区','PTQ','浙江省舟山市普陀区'),(330921,3,'岱山县','DSX','浙江省舟山市岱山县'),(330922,3,'嵊泗县','SSX','浙江省舟山市嵊泗县'),(331002,3,'椒江区','JJQ','浙江省台州市椒江区'),(331003,3,'黄岩区','HYQ','浙江省台州市黄岩区'),(331004,3,'路桥区','LQQ','浙江省台州市路桥区'),(331022,3,'三门县','SMX','浙江省台州市三门县'),(331023,3,'天台县','TTX','浙江省台州市天台县'),(331024,3,'仙居县','XJX','浙江省台州市仙居县'),(331081,3,'温岭市','WLS','浙江省台州市温岭市'),(331082,3,'临海市','LHS','浙江省台州市临海市'),(331083,3,'玉环市','YHS','浙江省台州市玉环市'),(331102,3,'莲都区','LDQ','浙江省丽水市莲都区'),(331121,3,'青田县','QTX','浙江省丽水市青田县'),(331122,3,'缙云县','JYX','浙江省丽水市缙云县'),(331123,3,'遂昌县','SCX','浙江省丽水市遂昌县'),(331124,3,'松阳县','SYX','浙江省丽水市松阳县'),(331125,3,'云和县','YHX','浙江省丽水市云和县'),(331126,3,'庆元县','QYX','浙江省丽水市庆元县'),(331127,3,'景宁畲族自治县','JNSZZZX','浙江省丽水市景宁畲族自治县'),(331181,3,'龙泉市','LQS','浙江省丽水市龙泉市'),(340102,3,'瑶海区','YHQ','安徽省合肥市瑶海区'),(340103,3,'庐阳区','LYQ','安徽省合肥市庐阳区'),(340104,3,'蜀山区','SSQ','安徽省合肥市蜀山区'),(340111,3,'包河区','BHQ','安徽省合肥市包河区'),(340121,3,'长丰县','ZFX','安徽省合肥市长丰县'),(340122,3,'肥东县','FDX','安徽省合肥市肥东县'),(340123,3,'肥西县','FXX','安徽省合肥市肥西县'),(340124,3,'庐江县','LJX','安徽省合肥市庐江县'),(340181,3,'巢湖市','CHS','安徽省合肥市巢湖市'),(340202,3,'镜湖区','JHQ','安徽省芜湖市镜湖区'),(340207,3,'鸠江区','JJQ','安徽省芜湖市鸠江区'),(340209,3,'弋江区','YJQ','安徽省芜湖市弋江区'),(340210,3,'湾沚区','WZQ','安徽省芜湖市湾沚区'),(340212,3,'繁昌区','FCQ','安徽省芜湖市繁昌区'),(340223,3,'南陵县','NLX','安徽省芜湖市南陵县'),(340281,3,'无为市','WWS','安徽省芜湖市无为市'),(340302,3,'龙子湖区','LZHQ','安徽省蚌埠市龙子湖区'),(340303,3,'蚌山区','BSQ','安徽省蚌埠市蚌山区'),(340304,3,'禹会区','YHQ','安徽省蚌埠市禹会区'),(340311,3,'淮上区','HSQ','安徽省蚌埠市淮上区'),(340321,3,'怀远县','HYX','安徽省蚌埠市怀远县'),(340322,3,'五河县','WHX','安徽省蚌埠市五河县'),(340323,3,'固镇县','GZX','安徽省蚌埠市固镇县'),(340402,3,'大通区','DTQ','安徽省淮南市大通区'),(340403,3,'田家庵区','TJAQ','安徽省淮南市田家庵区'),(340404,3,'谢家集区','XJJQ','安徽省淮南市谢家集区'),(340405,3,'八公山区','BGSQ','安徽省淮南市八公山区'),(340406,3,'潘集区','PJQ','安徽省淮南市潘集区'),(340421,3,'凤台县','FTX','安徽省淮南市凤台县'),(340422,3,'寿县','SX','安徽省淮南市寿县'),(340503,3,'花山区','HSQ','安徽省马鞍山市花山区'),(340504,3,'雨山区','YSQ','安徽省马鞍山市雨山区'),(340506,3,'博望区','BWQ','安徽省马鞍山市博望区'),(340521,3,'当涂县','DTX','安徽省马鞍山市当涂县'),(340522,3,'含山县','HSX','安徽省马鞍山市含山县'),(340523,3,'和县','HX','安徽省马鞍山市和县'),(340602,3,'杜集区','DJQ','安徽省淮北市杜集区'),(340603,3,'相山区','XSQ','安徽省淮北市相山区'),(340604,3,'烈山区','LSQ','安徽省淮北市烈山区'),(340621,3,'濉溪县','SXX','安徽省淮北市濉溪县'),(340705,3,'铜官区','TGQ','安徽省铜陵市铜官区'),(340706,3,'义安区','YAQ','安徽省铜陵市义安区'),(340711,3,'郊区','JQ','安徽省铜陵市郊区'),(340722,3,'枞阳县','ZYX','安徽省铜陵市枞阳县'),(340802,3,'迎江区','YJQ','安徽省安庆市迎江区'),(340803,3,'大观区','DGQ','安徽省安庆市大观区'),(340811,3,'宜秀区','YXQ','安徽省安庆市宜秀区'),(340822,3,'怀宁县','HNX','安徽省安庆市怀宁县'),(340825,3,'太湖县','THX','安徽省安庆市太湖县'),(340826,3,'宿松县','SSX','安徽省安庆市宿松县'),(340827,3,'望江县','WJX','安徽省安庆市望江县'),(340828,3,'岳西县','YXX','安徽省安庆市岳西县'),(340881,3,'桐城市','TCS','安徽省安庆市桐城市'),(340882,3,'潜山市','QSS','安徽省安庆市潜山市'),(341002,3,'屯溪区','TXQ','安徽省黄山市屯溪区'),(341003,3,'黄山区','HSQ','安徽省黄山市黄山区'),(341004,3,'徽州区','HZQ','安徽省黄山市徽州区'),(341021,3,'歙县','SX','安徽省黄山市歙县'),(341022,3,'休宁县','XNX','安徽省黄山市休宁县'),(341023,3,'黟县','YX','安徽省黄山市黟县'),(341024,3,'祁门县','QMX','安徽省黄山市祁门县'),(341102,3,'琅琊区','LYQ','安徽省滁州市琅琊区'),(341103,3,'南谯区','NQQ','安徽省滁州市南谯区'),(341122,3,'来安县','LAX','安徽省滁州市来安县'),(341124,3,'全椒县','QJX','安徽省滁州市全椒县'),(341125,3,'定远县','DYX','安徽省滁州市定远县'),(341126,3,'凤阳县','FYX','安徽省滁州市凤阳县'),(341181,3,'天长市','TZS','安徽省滁州市天长市'),(341182,3,'明光市','MGS','安徽省滁州市明光市'),(341202,3,'颍州区','YZQ','安徽省阜阳市颍州区'),(341203,3,'颍东区','YDQ','安徽省阜阳市颍东区'),(341204,3,'颍泉区','YQQ','安徽省阜阳市颍泉区'),(341221,3,'临泉县','LQX','安徽省阜阳市临泉县'),(341222,3,'太和县','THX','安徽省阜阳市太和县'),(341225,3,'阜南县','FNX','安徽省阜阳市阜南县'),(341226,3,'颍上县','YSX','安徽省阜阳市颍上县'),(341282,3,'界首市','JSS','安徽省阜阳市界首市'),(341302,3,'埇桥区','YQQ','安徽省宿州市埇桥区'),(341321,3,'砀山县','DSX','安徽省宿州市砀山县'),(341322,3,'萧县','XX','安徽省宿州市萧县'),(341323,3,'灵璧县','LBX','安徽省宿州市灵璧县'),(341324,3,'泗县','SX','安徽省宿州市泗县'),(341502,3,'金安区','JAQ','安徽省六安市金安区'),(341503,3,'裕安区','YAQ','安徽省六安市裕安区'),(341504,3,'叶集区','YJQ','安徽省六安市叶集区'),(341522,3,'霍邱县','HQX','安徽省六安市霍邱县'),(341523,3,'舒城县','SCX','安徽省六安市舒城县'),(341524,3,'金寨县','JZX','安徽省六安市金寨县'),(341525,3,'霍山县','HSX','安徽省六安市霍山县'),(341602,3,'谯城区','QCQ','安徽省亳州市谯城区'),(341621,3,'涡阳县','WYX','安徽省亳州市涡阳县'),(341622,3,'蒙城县','MCX','安徽省亳州市蒙城县'),(341623,3,'利辛县','LXX','安徽省亳州市利辛县'),(341702,3,'贵池区','GCQ','安徽省池州市贵池区'),(341721,3,'东至县','DZX','安徽省池州市东至县'),(341722,3,'石台县','STX','安徽省池州市石台县'),(341723,3,'青阳县','QYX','安徽省池州市青阳县'),(341802,3,'宣州区','XZQ','安徽省宣城市宣州区'),(341821,3,'郎溪县','LXX','安徽省宣城市郎溪县'),(341823,3,'泾县','JX','安徽省宣城市泾县'),(341824,3,'绩溪县','JXX','安徽省宣城市绩溪县'),(341825,3,'旌德县','JDX','安徽省宣城市旌德县'),(341881,3,'宁国市','NGS','安徽省宣城市宁国市'),(341882,3,'广德市','GDS','安徽省宣城市广德市'),(350102,3,'鼓楼区','GLQ','福建省福州市鼓楼区'),(350103,3,'台江区','TJQ','福建省福州市台江区'),(350104,3,'仓山区','CSQ','福建省福州市仓山区'),(350105,3,'马尾区','MWQ','福建省福州市马尾区'),(350111,3,'晋安区','JAQ','福建省福州市晋安区'),(350112,3,'长乐区','ZLQ','福建省福州市长乐区'),(350121,3,'闽侯县','MHX','福建省福州市闽侯县'),(350122,3,'连江县','LJX','福建省福州市连江县'),(350123,3,'罗源县','LYX','福建省福州市罗源县'),(350124,3,'闽清县','MQX','福建省福州市闽清县'),(350125,3,'永泰县','YTX','福建省福州市永泰县'),(350128,3,'平潭县','PTX','福建省福州市平潭县'),(350181,3,'福清市','FQS','福建省福州市福清市'),(350203,3,'思明区','SMQ','福建省厦门市思明区'),(350205,3,'海沧区','HCQ','福建省厦门市海沧区'),(350206,3,'湖里区','HLQ','福建省厦门市湖里区'),(350211,3,'集美区','JMQ','福建省厦门市集美区'),(350212,3,'同安区','TAQ','福建省厦门市同安区'),(350213,3,'翔安区','XAQ','福建省厦门市翔安区'),(350302,3,'城厢区','CXQ','福建省莆田市城厢区'),(350303,3,'涵江区','HJQ','福建省莆田市涵江区'),(350304,3,'荔城区','LCQ','福建省莆田市荔城区'),(350305,3,'秀屿区','XYQ','福建省莆田市秀屿区'),(350322,3,'仙游县','XYX','福建省莆田市仙游县'),(350402,3,'梅列区','MLQ','福建省三明市梅列区'),(350403,3,'三元区','SYQ','福建省三明市三元区'),(350421,3,'明溪县','MXX','福建省三明市明溪县'),(350423,3,'清流县','QLX','福建省三明市清流县'),(350424,3,'宁化县','NHX','福建省三明市宁化县'),(350425,3,'大田县','DTX','福建省三明市大田县'),(350426,3,'尤溪县','YXX','福建省三明市尤溪县'),(350427,3,'沙县','SX','福建省三明市沙县'),(350428,3,'将乐县','JLX','福建省三明市将乐县'),(350429,3,'泰宁县','TNX','福建省三明市泰宁县'),(350430,3,'建宁县','JNX','福建省三明市建宁县'),(350481,3,'永安市','YAS','福建省三明市永安市'),(350502,3,'鲤城区','LCQ','福建省泉州市鲤城区'),(350503,3,'丰泽区','FZQ','福建省泉州市丰泽区'),(350504,3,'洛江区','LJQ','福建省泉州市洛江区'),(350505,3,'泉港区','QGQ','福建省泉州市泉港区'),(350521,3,'惠安县','HAX','福建省泉州市惠安县'),(350524,3,'安溪县','AXX','福建省泉州市安溪县'),(350525,3,'永春县','YCX','福建省泉州市永春县'),(350526,3,'德化县','DHX','福建省泉州市德化县'),(350527,3,'金门县','JMX','福建省泉州市金门县'),(350581,3,'石狮市','SSS','福建省泉州市石狮市'),(350582,3,'晋江市','JJS','福建省泉州市晋江市'),(350583,3,'南安市','NAS','福建省泉州市南安市'),(350602,3,'芗城区','XCQ','福建省漳州市芗城区'),(350603,3,'龙文区','LWQ','福建省漳州市龙文区'),(350622,3,'云霄县','YXX','福建省漳州市云霄县'),(350623,3,'漳浦县','ZPX','福建省漳州市漳浦县'),(350624,3,'诏安县','ZAX','福建省漳州市诏安县'),(350625,3,'长泰县','ZTX','福建省漳州市长泰县'),(350626,3,'东山县','DSX','福建省漳州市东山县'),(350627,3,'南靖县','NJX','福建省漳州市南靖县'),(350628,3,'平和县','PHX','福建省漳州市平和县'),(350629,3,'华安县','HAX','福建省漳州市华安县'),(350681,3,'龙海市','LHS','福建省漳州市龙海市'),(350702,3,'延平区','YPQ','福建省南平市延平区'),(350703,3,'建阳区','JYQ','福建省南平市建阳区'),(350721,3,'顺昌县','SCX','福建省南平市顺昌县'),(350722,3,'浦城县','PCX','福建省南平市浦城县'),(350723,3,'光泽县','GZX','福建省南平市光泽县'),(350724,3,'松溪县','SXX','福建省南平市松溪县'),(350725,3,'政和县','ZHX','福建省南平市政和县'),(350781,3,'邵武市','SWS','福建省南平市邵武市'),(350782,3,'武夷山市','WYSS','福建省南平市武夷山市'),(350783,3,'建瓯市','JOS','福建省南平市建瓯市'),(350802,3,'新罗区','XLQ','福建省龙岩市新罗区'),(350803,3,'永定区','YDQ','福建省龙岩市永定区'),(350821,3,'长汀县','ZTX','福建省龙岩市长汀县'),(350823,3,'上杭县','SHX','福建省龙岩市上杭县'),(350824,3,'武平县','WPX','福建省龙岩市武平县'),(350825,3,'连城县','LCX','福建省龙岩市连城县'),(350881,3,'漳平市','ZPS','福建省龙岩市漳平市'),(350902,3,'蕉城区','JCQ','福建省宁德市蕉城区'),(350921,3,'霞浦县','XPX','福建省宁德市霞浦县'),(350922,3,'古田县','GTX','福建省宁德市古田县'),(350923,3,'屏南县','PNX','福建省宁德市屏南县'),(350924,3,'寿宁县','SNX','福建省宁德市寿宁县'),(350925,3,'周宁县','ZNX','福建省宁德市周宁县'),(350926,3,'柘荣县','ZRX','福建省宁德市柘荣县'),(350981,3,'福安市','FAS','福建省宁德市福安市'),(350982,3,'福鼎市','FDS','福建省宁德市福鼎市'),(360102,3,'东湖区','DHQ','江西省南昌市东湖区'),(360103,3,'西湖区','XHQ','江西省南昌市西湖区'),(360104,3,'青云谱区','QYPQ','江西省南昌市青云谱区'),(360111,3,'青山湖区','QSHQ','江西省南昌市青山湖区'),(360112,3,'新建区','XJQ','江西省南昌市新建区'),(360113,3,'红谷滩区','HGTQ','江西省南昌市红谷滩区'),(360121,3,'南昌县','NCX','江西省南昌市南昌县'),(360123,3,'安义县','AYX','江西省南昌市安义县'),(360124,3,'进贤县','JXX','江西省南昌市进贤县'),(360202,3,'昌江区','CJQ','江西省景德镇市昌江区'),(360203,3,'珠山区','ZSQ','江西省景德镇市珠山区'),(360222,3,'浮梁县','FLX','江西省景德镇市浮梁县'),(360281,3,'乐平市','LPS','江西省景德镇市乐平市'),(360302,3,'安源区','AYQ','江西省萍乡市安源区'),(360313,3,'湘东区','XDQ','江西省萍乡市湘东区'),(360321,3,'莲花县','LHX','江西省萍乡市莲花县'),(360322,3,'上栗县','SLX','江西省萍乡市上栗县'),(360323,3,'芦溪县','LXX','江西省萍乡市芦溪县'),(360402,3,'濂溪区','LXQ','江西省九江市濂溪区'),(360403,3,'浔阳区','XYQ','江西省九江市浔阳区'),(360404,3,'柴桑区','CSQ','江西省九江市柴桑区'),(360423,3,'武宁县','WNX','江西省九江市武宁县'),(360424,3,'修水县','XSX','江西省九江市修水县'),(360425,3,'永修县','YXX','江西省九江市永修县'),(360426,3,'德安县','DAX','江西省九江市德安县'),(360428,3,'都昌县','DCX','江西省九江市都昌县'),(360429,3,'湖口县','HKX','江西省九江市湖口县'),(360430,3,'彭泽县','PZX','江西省九江市彭泽县'),(360481,3,'瑞昌市','RCS','江西省九江市瑞昌市'),(360482,3,'共青城市','GQCS','江西省九江市共青城市'),(360483,3,'庐山市','LSS','江西省九江市庐山市'),(360502,3,'渝水区','YSQ','江西省新余市渝水区'),(360521,3,'分宜县','FYX','江西省新余市分宜县'),(360602,3,'月湖区','YHQ','江西省鹰潭市月湖区'),(360603,3,'余江区','YJQ','江西省鹰潭市余江区'),(360681,3,'贵溪市','GXS','江西省鹰潭市贵溪市'),(360702,3,'章贡区','ZGQ','江西省赣州市章贡区'),(360703,3,'南康区','NKQ','江西省赣州市南康区'),(360704,3,'赣县区','GXQ','江西省赣州市赣县区'),(360722,3,'信丰县','XFX','江西省赣州市信丰县'),(360723,3,'大余县','DYX','江西省赣州市大余县'),(360724,3,'上犹县','SYX','江西省赣州市上犹县'),(360725,3,'崇义县','CYX','江西省赣州市崇义县'),(360726,3,'安远县','AYX','江西省赣州市安远县'),(360728,3,'定南县','DNX','江西省赣州市定南县'),(360729,3,'全南县','QNX','江西省赣州市全南县'),(360730,3,'宁都县','NDX','江西省赣州市宁都县'),(360731,3,'于都县','YDX','江西省赣州市于都县'),(360732,3,'兴国县','XGX','江西省赣州市兴国县'),(360733,3,'会昌县','HCX','江西省赣州市会昌县'),(360734,3,'寻乌县','XWX','江西省赣州市寻乌县'),(360735,3,'石城县','SCX','江西省赣州市石城县'),(360781,3,'瑞金市','RJS','江西省赣州市瑞金市'),(360783,3,'龙南市','LNS','江西省赣州市龙南市'),(360802,3,'吉州区','JZQ','江西省吉安市吉州区'),(360803,3,'青原区','QYQ','江西省吉安市青原区'),(360821,3,'吉安县','JAX','江西省吉安市吉安县'),(360822,3,'吉水县','JSX','江西省吉安市吉水县'),(360823,3,'峡江县','XJX','江西省吉安市峡江县'),(360824,3,'新干县','XGX','江西省吉安市新干县'),(360825,3,'永丰县','YFX','江西省吉安市永丰县'),(360826,3,'泰和县','THX','江西省吉安市泰和县'),(360827,3,'遂川县','SCX','江西省吉安市遂川县'),(360828,3,'万安县','WAX','江西省吉安市万安县'),(360829,3,'安福县','AFX','江西省吉安市安福县'),(360830,3,'永新县','YXX','江西省吉安市永新县'),(360881,3,'井冈山市','JGSS','江西省吉安市井冈山市'),(360902,3,'袁州区','YZQ','江西省宜春市袁州区'),(360921,3,'奉新县','FXX','江西省宜春市奉新县'),(360922,3,'万载县','WZX','江西省宜春市万载县'),(360923,3,'上高县','SGX','江西省宜春市上高县'),(360924,3,'宜丰县','YFX','江西省宜春市宜丰县'),(360925,3,'靖安县','JAX','江西省宜春市靖安县'),(360926,3,'铜鼓县','TGX','江西省宜春市铜鼓县'),(360981,3,'丰城市','FCS','江西省宜春市丰城市'),(360982,3,'樟树市','ZSS','江西省宜春市樟树市'),(360983,3,'高安市','GAS','江西省宜春市高安市'),(361002,3,'临川区','LCQ','江西省抚州市临川区'),(361003,3,'东乡区','DXQ','江西省抚州市东乡区'),(361021,3,'南城县','NCX','江西省抚州市南城县'),(361022,3,'黎川县','LCX','江西省抚州市黎川县'),(361023,3,'南丰县','NFX','江西省抚州市南丰县'),(361024,3,'崇仁县','CRX','江西省抚州市崇仁县'),(361025,3,'乐安县','LAX','江西省抚州市乐安县'),(361026,3,'宜黄县','YHX','江西省抚州市宜黄县'),(361027,3,'金溪县','JXX','江西省抚州市金溪县'),(361028,3,'资溪县','ZXX','江西省抚州市资溪县'),(361030,3,'广昌县','GCX','江西省抚州市广昌县'),(361102,3,'信州区','XZQ','江西省上饶市信州区'),(361103,3,'广丰区','GFQ','江西省上饶市广丰区'),(361104,3,'广信区','GXQ','江西省上饶市广信区'),(361123,3,'玉山县','YSX','江西省上饶市玉山县'),(361124,3,'铅山县','QSX','江西省上饶市铅山县'),(361125,3,'横峰县','HFX','江西省上饶市横峰县'),(361126,3,'弋阳县','YYX','江西省上饶市弋阳县'),(361127,3,'余干县','YGX','江西省上饶市余干县'),(361128,3,'鄱阳县','PYX','江西省上饶市鄱阳县'),(361129,3,'万年县','WNX','江西省上饶市万年县'),(361130,3,'婺源县','WYX','江西省上饶市婺源县'),(361181,3,'德兴市','DXS','江西省上饶市德兴市'),(370102,3,'历下区','LXQ','山东省济南市历下区'),(370103,3,'市中区','SZQ','山东省济南市市中区'),(370104,3,'槐荫区','HYQ','山东省济南市槐荫区'),(370105,3,'天桥区','TQQ','山东省济南市天桥区'),(370112,3,'历城区','LCQ','山东省济南市历城区'),(370113,3,'长清区','ZQQ','山东省济南市长清区'),(370114,3,'章丘区','ZQQ','山东省济南市章丘区'),(370115,3,'济阳区','JYQ','山东省济南市济阳区'),(370116,3,'莱芜区','LWQ','山东省济南市莱芜区'),(370117,3,'钢城区','GCQ','山东省济南市钢城区'),(370124,3,'平阴县','PYX','山东省济南市平阴县'),(370126,3,'商河县','SHX','山东省济南市商河县'),(370202,3,'市南区','SNQ','山东省青岛市市南区'),(370203,3,'市北区','SBQ','山东省青岛市市北区'),(370211,3,'黄岛区','HDQ','山东省青岛市黄岛区'),(370212,3,'崂山区','LSQ','山东省青岛市崂山区'),(370213,3,'李沧区','LCQ','山东省青岛市李沧区'),(370214,3,'城阳区','CYQ','山东省青岛市城阳区'),(370215,3,'即墨区','JMQ','山东省青岛市即墨区'),(370281,3,'胶州市','JZS','山东省青岛市胶州市'),(370283,3,'平度市','PDS','山东省青岛市平度市'),(370285,3,'莱西市','LXS','山东省青岛市莱西市'),(370302,3,'淄川区','ZCQ','山东省淄博市淄川区'),(370303,3,'张店区','ZDQ','山东省淄博市张店区'),(370304,3,'博山区','BSQ','山东省淄博市博山区'),(370305,3,'临淄区','LZQ','山东省淄博市临淄区'),(370306,3,'周村区','ZCQ','山东省淄博市周村区'),(370321,3,'桓台县','HTX','山东省淄博市桓台县'),(370322,3,'高青县','GQX','山东省淄博市高青县'),(370323,3,'沂源县','YYX','山东省淄博市沂源县'),(370402,3,'市中区','SZQ','山东省枣庄市市中区'),(370403,3,'薛城区','XCQ','山东省枣庄市薛城区'),(370404,3,'峄城区','YCQ','山东省枣庄市峄城区'),(370405,3,'台儿庄区','TEZQ','山东省枣庄市台儿庄区'),(370406,3,'山亭区','STQ','山东省枣庄市山亭区'),(370481,3,'滕州市','TZS','山东省枣庄市滕州市'),(370502,3,'东营区','DYQ','山东省东营市东营区'),(370503,3,'河口区','HKQ','山东省东营市河口区'),(370505,3,'垦利区','KLQ','山东省东营市垦利区'),(370522,3,'利津县','LJX','山东省东营市利津县'),(370523,3,'广饶县','GRX','山东省东营市广饶县'),(370602,3,'芝罘区','ZFQ','山东省烟台市芝罘区'),(370611,3,'福山区','FSQ','山东省烟台市福山区'),(370612,3,'牟平区','MPQ','山东省烟台市牟平区'),(370613,3,'莱山区','LSQ','山东省烟台市莱山区'),(370614,3,'蓬莱区','PLQ','山东省烟台市蓬莱区'),(370681,3,'龙口市','LKS','山东省烟台市龙口市'),(370682,3,'莱阳市','LYS','山东省烟台市莱阳市'),(370683,3,'莱州市','LZS','山东省烟台市莱州市'),(370685,3,'招远市','ZYS','山东省烟台市招远市'),(370686,3,'栖霞市','QXS','山东省烟台市栖霞市'),(370687,3,'海阳市','HYS','山东省烟台市海阳市'),(370702,3,'潍城区','WCQ','山东省潍坊市潍城区'),(370703,3,'寒亭区','HTQ','山东省潍坊市寒亭区'),(370704,3,'坊子区','FZQ','山东省潍坊市坊子区'),(370705,3,'奎文区','KWQ','山东省潍坊市奎文区'),(370724,3,'临朐县','LQX','山东省潍坊市临朐县'),(370725,3,'昌乐县','CLX','山东省潍坊市昌乐县'),(370781,3,'青州市','QZS','山东省潍坊市青州市'),(370782,3,'诸城市','ZCS','山东省潍坊市诸城市'),(370783,3,'寿光市','SGS','山东省潍坊市寿光市'),(370784,3,'安丘市','AQS','山东省潍坊市安丘市'),(370785,3,'高密市','GMS','山东省潍坊市高密市'),(370786,3,'昌邑市','CYS','山东省潍坊市昌邑市'),(370811,3,'任城区','RCQ','山东省济宁市任城区'),(370812,3,'兖州区','YZQ','山东省济宁市兖州区'),(370826,3,'微山县','WSX','山东省济宁市微山县'),(370827,3,'鱼台县','YTX','山东省济宁市鱼台县'),(370828,3,'金乡县','JXX','山东省济宁市金乡县'),(370829,3,'嘉祥县','JXX','山东省济宁市嘉祥县'),(370830,3,'汶上县','WSX','山东省济宁市汶上县'),(370831,3,'泗水县','SSX','山东省济宁市泗水县'),(370832,3,'梁山县','LSX','山东省济宁市梁山县'),(370881,3,'曲阜市','QFS','山东省济宁市曲阜市'),(370883,3,'邹城市','ZCS','山东省济宁市邹城市'),(370902,3,'泰山区','TSQ','山东省泰安市泰山区'),(370911,3,'岱岳区','DYQ','山东省泰安市岱岳区'),(370921,3,'宁阳县','NYX','山东省泰安市宁阳县'),(370923,3,'东平县','DPX','山东省泰安市东平县'),(370982,3,'新泰市','XTS','山东省泰安市新泰市'),(370983,3,'肥城市','FCS','山东省泰安市肥城市'),(371002,3,'环翠区','HCQ','山东省威海市环翠区'),(371003,3,'文登区','WDQ','山东省威海市文登区'),(371082,3,'荣成市','RCS','山东省威海市荣成市'),(371083,3,'乳山市','RSS','山东省威海市乳山市'),(371102,3,'东港区','DGQ','山东省日照市东港区'),(371103,3,'岚山区','LSQ','山东省日照市岚山区'),(371121,3,'五莲县','WLX','山东省日照市五莲县'),(371122,3,'莒县','JX','山东省日照市莒县'),(371302,3,'兰山区','LSQ','山东省临沂市兰山区'),(371311,3,'罗庄区','LZQ','山东省临沂市罗庄区'),(371312,3,'河东区','HDQ','山东省临沂市河东区'),(371321,3,'沂南县','YNX','山东省临沂市沂南县'),(371322,3,'郯城县','TCX','山东省临沂市郯城县'),(371323,3,'沂水县','YSX','山东省临沂市沂水县'),(371324,3,'兰陵县','LLX','山东省临沂市兰陵县'),(371325,3,'费县','FX','山东省临沂市费县'),(371326,3,'平邑县','PYX','山东省临沂市平邑县'),(371327,3,'莒南县','JNX','山东省临沂市莒南县'),(371328,3,'蒙阴县','MYX','山东省临沂市蒙阴县'),(371329,3,'临沭县','LSX','山东省临沂市临沭县'),(371402,3,'德城区','DCQ','山东省德州市德城区'),(371403,3,'陵城区','LCQ','山东省德州市陵城区'),(371422,3,'宁津县','NJX','山东省德州市宁津县'),(371423,3,'庆云县','QYX','山东省德州市庆云县'),(371424,3,'临邑县','LYX','山东省德州市临邑县'),(371425,3,'齐河县','QHX','山东省德州市齐河县'),(371426,3,'平原县','PYX','山东省德州市平原县'),(371427,3,'夏津县','XJX','山东省德州市夏津县'),(371428,3,'武城县','WCX','山东省德州市武城县'),(371481,3,'乐陵市','LLS','山东省德州市乐陵市'),(371482,3,'禹城市','YCS','山东省德州市禹城市'),(371502,3,'东昌府区','DCFQ','山东省聊城市东昌府区'),(371503,3,'茌平区','CPQ','山东省聊城市茌平区'),(371521,3,'阳谷县','YGX','山东省聊城市阳谷县'),(371522,3,'莘县','XX','山东省聊城市莘县'),(371524,3,'东阿县','DAX','山东省聊城市东阿县'),(371525,3,'冠县','GX','山东省聊城市冠县'),(371526,3,'高唐县','GTX','山东省聊城市高唐县'),(371581,3,'临清市','LQS','山东省聊城市临清市'),(371602,3,'滨城区','BCQ','山东省滨州市滨城区'),(371603,3,'沾化区','ZHQ','山东省滨州市沾化区'),(371621,3,'惠民县','HMX','山东省滨州市惠民县'),(371622,3,'阳信县','YXX','山东省滨州市阳信县'),(371623,3,'无棣县','WDX','山东省滨州市无棣县'),(371625,3,'博兴县','BXX','山东省滨州市博兴县'),(371681,3,'邹平市','ZPS','山东省滨州市邹平市'),(371702,3,'牡丹区','MDQ','山东省菏泽市牡丹区'),(371703,3,'定陶区','DTQ','山东省菏泽市定陶区'),(371721,3,'曹县','CX','山东省菏泽市曹县'),(371722,3,'单县','DX','山东省菏泽市单县'),(371723,3,'成武县','CWX','山东省菏泽市成武县'),(371724,3,'巨野县','JYX','山东省菏泽市巨野县'),(371725,3,'郓城县','YCX','山东省菏泽市郓城县'),(371726,3,'鄄城县','JCX','山东省菏泽市鄄城县'),(371728,3,'东明县','DMX','山东省菏泽市东明县'),(410102,3,'中原区','ZYQ','河南省郑州市中原区'),(410103,3,'二七区','EQQ','河南省郑州市二七区'),(410104,3,'管城回族区','GCHZQ','河南省郑州市管城回族区'),(410105,3,'金水区','JSQ','河南省郑州市金水区'),(410106,3,'上街区','SJQ','河南省郑州市上街区'),(410108,3,'惠济区','HJQ','河南省郑州市惠济区'),(410122,3,'中牟县','ZMX','河南省郑州市中牟县'),(410181,3,'巩义市','GYS','河南省郑州市巩义市'),(410182,3,'荥阳市','YYS','河南省郑州市荥阳市'),(410183,3,'新密市','XMS','河南省郑州市新密市'),(410184,3,'新郑市','XZS','河南省郑州市新郑市'),(410185,3,'登封市','DFS','河南省郑州市登封市'),(410202,3,'龙亭区','LTQ','河南省开封市龙亭区'),(410203,3,'顺河回族区','SHHZQ','河南省开封市顺河回族区'),(410204,3,'鼓楼区','GLQ','河南省开封市鼓楼区'),(410205,3,'禹王台区','YWTQ','河南省开封市禹王台区'),(410212,3,'祥符区','XFQ','河南省开封市祥符区'),(410221,3,'杞县','QX','河南省开封市杞县'),(410222,3,'通许县','TXX','河南省开封市通许县'),(410223,3,'尉氏县','WSX','河南省开封市尉氏县'),(410225,3,'兰考县','LKX','河南省开封市兰考县'),(410302,3,'老城区','LCQ','河南省洛阳市老城区'),(410303,3,'西工区','XGQ','河南省洛阳市西工区'),(410304,3,'瀍河回族区','CHHZQ','河南省洛阳市瀍河回族区'),(410305,3,'涧西区','JXQ','河南省洛阳市涧西区'),(410306,3,'吉利区','JLQ','河南省洛阳市吉利区'),(410311,3,'洛龙区','LLQ','河南省洛阳市洛龙区'),(410322,3,'孟津县','MJX','河南省洛阳市孟津县'),(410323,3,'新安县','XAX','河南省洛阳市新安县'),(410324,3,'栾川县','LCX','河南省洛阳市栾川县'),(410325,3,'嵩县','SX','河南省洛阳市嵩县'),(410326,3,'汝阳县','RYX','河南省洛阳市汝阳县'),(410327,3,'宜阳县','YYX','河南省洛阳市宜阳县'),(410328,3,'洛宁县','LNX','河南省洛阳市洛宁县'),(410329,3,'伊川县','YCX','河南省洛阳市伊川县'),(410381,3,'偃师市','YSS','河南省洛阳市偃师市'),(410402,3,'新华区','XHQ','河南省平顶山市新华区'),(410403,3,'卫东区','WDQ','河南省平顶山市卫东区'),(410404,3,'石龙区','SLQ','河南省平顶山市石龙区'),(410411,3,'湛河区','ZHQ','河南省平顶山市湛河区'),(410421,3,'宝丰县','BFX','河南省平顶山市宝丰县'),(410422,3,'叶县','YX','河南省平顶山市叶县'),(410423,3,'鲁山县','LSX','河南省平顶山市鲁山县'),(410425,3,'郏县','JX','河南省平顶山市郏县'),(410481,3,'舞钢市','WGS','河南省平顶山市舞钢市'),(410482,3,'汝州市','RZS','河南省平顶山市汝州市'),(410502,3,'文峰区','WFQ','河南省安阳市文峰区'),(410503,3,'北关区','BGQ','河南省安阳市北关区'),(410505,3,'殷都区','YDQ','河南省安阳市殷都区'),(410506,3,'龙安区','LAQ','河南省安阳市龙安区'),(410522,3,'安阳县','AYX','河南省安阳市安阳县'),(410523,3,'汤阴县','TYX','河南省安阳市汤阴县'),(410526,3,'滑县','HX','河南省安阳市滑县'),(410527,3,'内黄县','NHX','河南省安阳市内黄县'),(410581,3,'林州市','LZS','河南省安阳市林州市'),(410602,3,'鹤山区','HSQ','河南省鹤壁市鹤山区'),(410603,3,'山城区','SCQ','河南省鹤壁市山城区'),(410611,3,'淇滨区','QBQ','河南省鹤壁市淇滨区'),(410621,3,'浚县','JX','河南省鹤壁市浚县'),(410622,3,'淇县','QX','河南省鹤壁市淇县'),(410702,3,'红旗区','HQQ','河南省新乡市红旗区'),(410703,3,'卫滨区','WBQ','河南省新乡市卫滨区'),(410704,3,'凤泉区','FQQ','河南省新乡市凤泉区'),(410711,3,'牧野区','MYQ','河南省新乡市牧野区'),(410721,3,'新乡县','XXX','河南省新乡市新乡县'),(410724,3,'获嘉县','HJX','河南省新乡市获嘉县'),(410725,3,'原阳县','YYX','河南省新乡市原阳县'),(410726,3,'延津县','YJX','河南省新乡市延津县'),(410727,3,'封丘县','FQX','河南省新乡市封丘县'),(410781,3,'卫辉市','WHS','河南省新乡市卫辉市'),(410782,3,'辉县市','HXS','河南省新乡市辉县市'),(410783,3,'长垣市','ZYS','河南省新乡市长垣市'),(410802,3,'解放区','JFQ','河南省焦作市解放区'),(410803,3,'中站区','ZZQ','河南省焦作市中站区'),(410804,3,'马村区','MCQ','河南省焦作市马村区'),(410811,3,'山阳区','SYQ','河南省焦作市山阳区'),(410821,3,'修武县','XWX','河南省焦作市修武县'),(410822,3,'博爱县','BAX','河南省焦作市博爱县'),(410823,3,'武陟县','WZX','河南省焦作市武陟县'),(410825,3,'温县','WX','河南省焦作市温县'),(410882,3,'沁阳市','QYS','河南省焦作市沁阳市'),(410883,3,'孟州市','MZS','河南省焦作市孟州市'),(410902,3,'华龙区','HLQ','河南省濮阳市华龙区'),(410922,3,'清丰县','QFX','河南省濮阳市清丰县'),(410923,3,'南乐县','NLX','河南省濮阳市南乐县'),(410926,3,'范县','FX','河南省濮阳市范县'),(410927,3,'台前县','TQX','河南省濮阳市台前县'),(410928,3,'濮阳县','PYX','河南省濮阳市濮阳县'),(411002,3,'魏都区','WDQ','河南省许昌市魏都区'),(411003,3,'建安区','JAQ','河南省许昌市建安区'),(411024,3,'鄢陵县','YLX','河南省许昌市鄢陵县'),(411025,3,'襄城县','XCX','河南省许昌市襄城县'),(411081,3,'禹州市','YZS','河南省许昌市禹州市'),(411082,3,'长葛市','ZGS','河南省许昌市长葛市'),(411102,3,'源汇区','YHQ','河南省漯河市源汇区'),(411103,3,'郾城区','YCQ','河南省漯河市郾城区'),(411104,3,'召陵区','ZLQ','河南省漯河市召陵区'),(411121,3,'舞阳县','WYX','河南省漯河市舞阳县'),(411122,3,'临颍县','LYX','河南省漯河市临颍县'),(411202,3,'湖滨区','HBQ','河南省三门峡市湖滨区'),(411203,3,'陕州区','SZQ','河南省三门峡市陕州区'),(411221,3,'渑池县','MCX','河南省三门峡市渑池县'),(411224,3,'卢氏县','LSX','河南省三门峡市卢氏县'),(411281,3,'义马市','YMS','河南省三门峡市义马市'),(411282,3,'灵宝市','LBS','河南省三门峡市灵宝市'),(411302,3,'宛城区','WCQ','河南省南阳市宛城区'),(411303,3,'卧龙区','WLQ','河南省南阳市卧龙区'),(411321,3,'南召县','NZX','河南省南阳市南召县'),(411322,3,'方城县','FCX','河南省南阳市方城县'),(411323,3,'西峡县','XXX','河南省南阳市西峡县'),(411324,3,'镇平县','ZPX','河南省南阳市镇平县'),(411325,3,'内乡县','NXX','河南省南阳市内乡县'),(411326,3,'淅川县','XCX','河南省南阳市淅川县'),(411327,3,'社旗县','SQX','河南省南阳市社旗县'),(411328,3,'唐河县','THX','河南省南阳市唐河县'),(411329,3,'新野县','XYX','河南省南阳市新野县'),(411330,3,'桐柏县','TBX','河南省南阳市桐柏县'),(411381,3,'邓州市','DZS','河南省南阳市邓州市'),(411402,3,'梁园区','LYQ','河南省商丘市梁园区'),(411403,3,'睢阳区','SYQ','河南省商丘市睢阳区'),(411421,3,'民权县','MQX','河南省商丘市民权县'),(411422,3,'睢县','SX','河南省商丘市睢县'),(411423,3,'宁陵县','NLX','河南省商丘市宁陵县'),(411424,3,'柘城县','ZCX','河南省商丘市柘城县'),(411425,3,'虞城县','YCX','河南省商丘市虞城县'),(411426,3,'夏邑县','XYX','河南省商丘市夏邑县'),(411481,3,'永城市','YCS','河南省商丘市永城市'),(411502,3,'浉河区','SHQ','河南省信阳市浉河区'),(411503,3,'平桥区','PQQ','河南省信阳市平桥区'),(411521,3,'罗山县','LSX','河南省信阳市罗山县'),(411522,3,'光山县','GSX','河南省信阳市光山县'),(411523,3,'新县','XX','河南省信阳市新县'),(411524,3,'商城县','SCX','河南省信阳市商城县'),(411525,3,'固始县','GSX','河南省信阳市固始县'),(411526,3,'潢川县','HCX','河南省信阳市潢川县'),(411527,3,'淮滨县','HBX','河南省信阳市淮滨县'),(411528,3,'息县','XX','河南省信阳市息县'),(411602,3,'川汇区','CHQ','河南省周口市川汇区'),(411603,3,'淮阳区','HYQ','河南省周口市淮阳区'),(411621,3,'扶沟县','FGX','河南省周口市扶沟县'),(411622,3,'西华县','XHX','河南省周口市西华县'),(411623,3,'商水县','SSX','河南省周口市商水县'),(411624,3,'沈丘县','SQX','河南省周口市沈丘县'),(411625,3,'郸城县','DCX','河南省周口市郸城县'),(411627,3,'太康县','TKX','河南省周口市太康县'),(411628,3,'鹿邑县','LYX','河南省周口市鹿邑县'),(411681,3,'项城市','XCS','河南省周口市项城市'),(411702,3,'驿城区','YCQ','河南省驻马店市驿城区'),(411721,3,'西平县','XPX','河南省驻马店市西平县'),(411722,3,'上蔡县','SCX','河南省驻马店市上蔡县'),(411723,3,'平舆县','PYX','河南省驻马店市平舆县'),(411724,3,'正阳县','ZYX','河南省驻马店市正阳县'),(411725,3,'确山县','QSX','河南省驻马店市确山县'),(411726,3,'泌阳县','MYX','河南省驻马店市泌阳县'),(411727,3,'汝南县','RNX','河南省驻马店市汝南县'),(411728,3,'遂平县','SPX','河南省驻马店市遂平县'),(411729,3,'新蔡县','XCX','河南省驻马店市新蔡县'),(419001,3,'济源市','JYS','河南省济源市'),(420102,3,'江岸区','JAQ','湖北省武汉市江岸区'),(420103,3,'江汉区','JHQ','湖北省武汉市江汉区'),(420104,3,'硚口区','QKQ','湖北省武汉市硚口区'),(420105,3,'汉阳区','HYQ','湖北省武汉市汉阳区'),(420106,3,'武昌区','WCQ','湖北省武汉市武昌区'),(420107,3,'青山区','QSQ','湖北省武汉市青山区'),(420111,3,'洪山区','HSQ','湖北省武汉市洪山区'),(420112,3,'东西湖区','DXHQ','湖北省武汉市东西湖区'),(420113,3,'汉南区','HNQ','湖北省武汉市汉南区'),(420114,3,'蔡甸区','CDQ','湖北省武汉市蔡甸区'),(420115,3,'江夏区','JXQ','湖北省武汉市江夏区'),(420116,3,'黄陂区','HPQ','湖北省武汉市黄陂区'),(420117,3,'新洲区','XZQ','湖北省武汉市新洲区'),(420202,3,'黄石港区','HSGQ','湖北省黄石市黄石港区'),(420203,3,'西塞山区','XSSQ','湖北省黄石市西塞山区'),(420204,3,'下陆区','XLQ','湖北省黄石市下陆区'),(420205,3,'铁山区','TSQ','湖北省黄石市铁山区'),(420222,3,'阳新县','YXX','湖北省黄石市阳新县'),(420281,3,'大冶市','DYS','湖北省黄石市大冶市'),(420302,3,'茅箭区','MJQ','湖北省十堰市茅箭区'),(420303,3,'张湾区','ZWQ','湖北省十堰市张湾区'),(420304,3,'郧阳区','YYQ','湖北省十堰市郧阳区'),(420322,3,'郧西县','YXX','湖北省十堰市郧西县'),(420323,3,'竹山县','ZSX','湖北省十堰市竹山县'),(420324,3,'竹溪县','ZXX','湖北省十堰市竹溪县'),(420325,3,'房县','FX','湖北省十堰市房县'),(420381,3,'丹江口市','DJKS','湖北省十堰市丹江口市'),(420502,3,'西陵区','XLQ','湖北省宜昌市西陵区'),(420503,3,'伍家岗区','WJGQ','湖北省宜昌市伍家岗区'),(420504,3,'点军区','DJQ','湖北省宜昌市点军区'),(420505,3,'猇亭区','YTQ','湖北省宜昌市猇亭区'),(420506,3,'夷陵区','YLQ','湖北省宜昌市夷陵区'),(420525,3,'远安县','YAX','湖北省宜昌市远安县'),(420526,3,'兴山县','XSX','湖北省宜昌市兴山县'),(420527,3,'秭归县','ZGX','湖北省宜昌市秭归县'),(420528,3,'长阳土家族自治县','ZYTJZZZX','湖北省宜昌市长阳土家族自治县'),(420529,3,'五峰土家族自治县','WFTJZZZX','湖北省宜昌市五峰土家族自治县'),(420581,3,'宜都市','YDS','湖北省宜昌市宜都市'),(420582,3,'当阳市','DYS','湖北省宜昌市当阳市'),(420583,3,'枝江市','ZJS','湖北省宜昌市枝江市'),(420602,3,'襄城区','XCQ','湖北省襄阳市襄城区'),(420606,3,'樊城区','FCQ','湖北省襄阳市樊城区'),(420607,3,'襄州区','XZQ','湖北省襄阳市襄州区'),(420624,3,'南漳县','NZX','湖北省襄阳市南漳县'),(420625,3,'谷城县','GCX','湖北省襄阳市谷城县'),(420626,3,'保康县','BKX','湖北省襄阳市保康县'),(420682,3,'老河口市','LHKS','湖北省襄阳市老河口市'),(420683,3,'枣阳市','ZYS','湖北省襄阳市枣阳市'),(420684,3,'宜城市','YCS','湖北省襄阳市宜城市'),(420702,3,'梁子湖区','LZHQ','湖北省鄂州市梁子湖区'),(420703,3,'华容区','HRQ','湖北省鄂州市华容区'),(420704,3,'鄂城区','ECQ','湖北省鄂州市鄂城区'),(420802,3,'东宝区','DBQ','湖北省荆门市东宝区'),(420804,3,'掇刀区','DDQ','湖北省荆门市掇刀区'),(420822,3,'沙洋县','SYX','湖北省荆门市沙洋县'),(420881,3,'钟祥市','ZXS','湖北省荆门市钟祥市'),(420882,3,'京山市','JSS','湖北省荆门市京山市'),(420902,3,'孝南区','XNQ','湖北省孝感市孝南区'),(420921,3,'孝昌县','XCX','湖北省孝感市孝昌县'),(420922,3,'大悟县','DWX','湖北省孝感市大悟县'),(420923,3,'云梦县','YMX','湖北省孝感市云梦县'),(420981,3,'应城市','YCS','湖北省孝感市应城市'),(420982,3,'安陆市','ALS','湖北省孝感市安陆市'),(420984,3,'汉川市','HCS','湖北省孝感市汉川市'),(421002,3,'沙市区','SSQ','湖北省荆州市沙市区'),(421003,3,'荆州区','JZQ','湖北省荆州市荆州区'),(421022,3,'公安县','GAX','湖北省荆州市公安县'),(421024,3,'江陵县','JLX','湖北省荆州市江陵县'),(421081,3,'石首市','SSS','湖北省荆州市石首市'),(421083,3,'洪湖市','HHS','湖北省荆州市洪湖市'),(421087,3,'松滋市','SZS','湖北省荆州市松滋市'),(421088,3,'监利市','JLS','湖北省荆州市监利市'),(421102,3,'黄州区','HZQ','湖北省黄冈市黄州区'),(421121,3,'团风县','TFX','湖北省黄冈市团风县'),(421122,3,'红安县','HAX','湖北省黄冈市红安县'),(421123,3,'罗田县','LTX','湖北省黄冈市罗田县'),(421124,3,'英山县','YSX','湖北省黄冈市英山县'),(421125,3,'浠水县','XSX','湖北省黄冈市浠水县'),(421126,3,'蕲春县','QCX','湖北省黄冈市蕲春县'),(421127,3,'黄梅县','HMX','湖北省黄冈市黄梅县'),(421181,3,'麻城市','MCS','湖北省黄冈市麻城市'),(421182,3,'武穴市','WXS','湖北省黄冈市武穴市'),(421202,3,'咸安区','XAQ','湖北省咸宁市咸安区'),(421221,3,'嘉鱼县','JYX','湖北省咸宁市嘉鱼县'),(421222,3,'通城县','TCX','湖北省咸宁市通城县'),(421223,3,'崇阳县','CYX','湖北省咸宁市崇阳县'),(421224,3,'通山县','TSX','湖北省咸宁市通山县'),(421281,3,'赤壁市','CBS','湖北省咸宁市赤壁市'),(421303,3,'曾都区','CDQ','湖北省随州市曾都区'),(421321,3,'随县','SX','湖北省随州市随县'),(421381,3,'广水市','GSS','湖北省随州市广水市'),(422801,3,'恩施市','ESS','湖北省恩施土家族苗族自治州恩施市'),(422802,3,'利川市','LCS','湖北省恩施土家族苗族自治州利川市'),(422822,3,'建始县','JSX','湖北省恩施土家族苗族自治州建始县'),(422823,3,'巴东县','BDX','湖北省恩施土家族苗族自治州巴东县'),(422825,3,'宣恩县','XEX','湖北省恩施土家族苗族自治州宣恩县'),(422826,3,'咸丰县','XFX','湖北省恩施土家族苗族自治州咸丰县'),(422827,3,'来凤县','LFX','湖北省恩施土家族苗族自治州来凤县'),(422828,3,'鹤峰县','HFX','湖北省恩施土家族苗族自治州鹤峰县'),(429004,3,'仙桃市','XTS','湖北省仙桃市'),(429005,3,'潜江市','QJS','湖北省潜江市'),(429006,3,'天门市','TMS','湖北省天门市'),(429021,3,'神农架林区','SNJLQ','湖北省神农架林区'),(430102,3,'芙蓉区','FRQ','湖南省长沙市芙蓉区'),(430103,3,'天心区','TXQ','湖南省长沙市天心区'),(430104,3,'岳麓区','YLQ','湖南省长沙市岳麓区'),(430105,3,'开福区','KFQ','湖南省长沙市开福区'),(430111,3,'雨花区','YHQ','湖南省长沙市雨花区'),(430112,3,'望城区','WCQ','湖南省长沙市望城区'),(430121,3,'长沙县','ZSX','湖南省长沙市长沙县'),(430181,3,'浏阳市','LYS','湖南省长沙市浏阳市'),(430182,3,'宁乡市','NXS','湖南省长沙市宁乡市'),(430202,3,'荷塘区','HTQ','湖南省株洲市荷塘区'),(430203,3,'芦淞区','LSQ','湖南省株洲市芦淞区'),(430204,3,'石峰区','SFQ','湖南省株洲市石峰区'),(430211,3,'天元区','TYQ','湖南省株洲市天元区'),(430212,3,'渌口区','LKQ','湖南省株洲市渌口区'),(430223,3,'攸县','YX','湖南省株洲市攸县'),(430224,3,'茶陵县','CLX','湖南省株洲市茶陵县'),(430225,3,'炎陵县','YLX','湖南省株洲市炎陵县'),(430281,3,'醴陵市','LLS','湖南省株洲市醴陵市'),(430302,3,'雨湖区','YHQ','湖南省湘潭市雨湖区'),(430304,3,'岳塘区','YTQ','湖南省湘潭市岳塘区'),(430321,3,'湘潭县','XTX','湖南省湘潭市湘潭县'),(430381,3,'湘乡市','XXS','湖南省湘潭市湘乡市'),(430382,3,'韶山市','SSS','湖南省湘潭市韶山市'),(430405,3,'珠晖区','ZHQ','湖南省衡阳市珠晖区'),(430406,3,'雁峰区','YFQ','湖南省衡阳市雁峰区'),(430407,3,'石鼓区','SGQ','湖南省衡阳市石鼓区'),(430408,3,'蒸湘区','ZXQ','湖南省衡阳市蒸湘区'),(430412,3,'南岳区','NYQ','湖南省衡阳市南岳区'),(430421,3,'衡阳县','HYX','湖南省衡阳市衡阳县'),(430422,3,'衡南县','HNX','湖南省衡阳市衡南县'),(430423,3,'衡山县','HSX','湖南省衡阳市衡山县'),(430424,3,'衡东县','HDX','湖南省衡阳市衡东县'),(430426,3,'祁东县','QDX','湖南省衡阳市祁东县'),(430481,3,'耒阳市','LYS','湖南省衡阳市耒阳市'),(430482,3,'常宁市','CNS','湖南省衡阳市常宁市'),(430502,3,'双清区','SQQ','湖南省邵阳市双清区'),(430503,3,'大祥区','DXQ','湖南省邵阳市大祥区'),(430511,3,'北塔区','BTQ','湖南省邵阳市北塔区'),(430522,3,'新邵县','XSX','湖南省邵阳市新邵县'),(430523,3,'邵阳县','SYX','湖南省邵阳市邵阳县'),(430524,3,'隆回县','LHX','湖南省邵阳市隆回县'),(430525,3,'洞口县','DKX','湖南省邵阳市洞口县'),(430527,3,'绥宁县','SNX','湖南省邵阳市绥宁县'),(430528,3,'新宁县','XNX','湖南省邵阳市新宁县'),(430529,3,'城步苗族自治县','CBMZZZX','湖南省邵阳市城步苗族自治县'),(430581,3,'武冈市','WGS','湖南省邵阳市武冈市'),(430582,3,'邵东市','SDS','湖南省邵阳市邵东市'),(430602,3,'岳阳楼区','YYLQ','湖南省岳阳市岳阳楼区'),(430603,3,'云溪区','YXQ','湖南省岳阳市云溪区'),(430611,3,'君山区','JSQ','湖南省岳阳市君山区'),(430621,3,'岳阳县','YYX','湖南省岳阳市岳阳县'),(430623,3,'华容县','HRX','湖南省岳阳市华容县'),(430624,3,'湘阴县','XYX','湖南省岳阳市湘阴县'),(430626,3,'平江县','PJX','湖南省岳阳市平江县'),(430681,3,'汨罗市','MLS','湖南省岳阳市汨罗市'),(430682,3,'临湘市','LXS','湖南省岳阳市临湘市'),(430702,3,'武陵区','WLQ','湖南省常德市武陵区'),(430703,3,'鼎城区','DCQ','湖南省常德市鼎城区'),(430721,3,'安乡县','AXX','湖南省常德市安乡县'),(430722,3,'汉寿县','HSX','湖南省常德市汉寿县'),(430723,3,'澧县','LX','湖南省常德市澧县'),(430724,3,'临澧县','LLX','湖南省常德市临澧县'),(430725,3,'桃源县','TYX','湖南省常德市桃源县'),(430726,3,'石门县','SMX','湖南省常德市石门县'),(430781,3,'津市市','JSS','湖南省常德市津市市'),(430802,3,'永定区','YDQ','湖南省张家界市永定区'),(430811,3,'武陵源区','WLYQ','湖南省张家界市武陵源区'),(430821,3,'慈利县','CLX','湖南省张家界市慈利县'),(430822,3,'桑植县','SZX','湖南省张家界市桑植县'),(430902,3,'资阳区','ZYQ','湖南省益阳市资阳区'),(430903,3,'赫山区','HSQ','湖南省益阳市赫山区'),(430921,3,'南县','NX','湖南省益阳市南县'),(430922,3,'桃江县','TJX','湖南省益阳市桃江县'),(430923,3,'安化县','AHX','湖南省益阳市安化县'),(430981,3,'沅江市','YJS','湖南省益阳市沅江市'),(431002,3,'北湖区','BHQ','湖南省郴州市北湖区'),(431003,3,'苏仙区','SXQ','湖南省郴州市苏仙区'),(431021,3,'桂阳县','GYX','湖南省郴州市桂阳县'),(431022,3,'宜章县','YZX','湖南省郴州市宜章县'),(431023,3,'永兴县','YXX','湖南省郴州市永兴县'),(431024,3,'嘉禾县','JHX','湖南省郴州市嘉禾县'),(431025,3,'临武县','LWX','湖南省郴州市临武县'),(431026,3,'汝城县','RCX','湖南省郴州市汝城县'),(431027,3,'桂东县','GDX','湖南省郴州市桂东县'),(431028,3,'安仁县','ARX','湖南省郴州市安仁县'),(431081,3,'资兴市','ZXS','湖南省郴州市资兴市'),(431102,3,'零陵区','LLQ','湖南省永州市零陵区'),(431103,3,'冷水滩区','LSTQ','湖南省永州市冷水滩区'),(431121,3,'祁阳县','QYX','湖南省永州市祁阳县'),(431122,3,'东安县','DAX','湖南省永州市东安县'),(431123,3,'双牌县','SPX','湖南省永州市双牌县'),(431124,3,'道县','DX','湖南省永州市道县'),(431125,3,'江永县','JYX','湖南省永州市江永县'),(431126,3,'宁远县','NYX','湖南省永州市宁远县'),(431127,3,'蓝山县','LSX','湖南省永州市蓝山县'),(431128,3,'新田县','XTX','湖南省永州市新田县'),(431129,3,'江华瑶族自治县','JHYZZZX','湖南省永州市江华瑶族自治县'),(431202,3,'鹤城区','HCQ','湖南省怀化市鹤城区'),(431221,3,'中方县','ZFX','湖南省怀化市中方县'),(431222,3,'沅陵县','YLX','湖南省怀化市沅陵县'),(431223,3,'辰溪县','CXX','湖南省怀化市辰溪县'),(431224,3,'溆浦县','XPX','湖南省怀化市溆浦县'),(431225,3,'会同县','HTX','湖南省怀化市会同县'),(431226,3,'麻阳苗族自治县','MYMZZZX','湖南省怀化市麻阳苗族自治县'),(431227,3,'新晃侗族自治县','XHDZZZX','湖南省怀化市新晃侗族自治县'),(431228,3,'芷江侗族自治县','ZJDZZZX','湖南省怀化市芷江侗族自治县'),(431229,3,'靖州苗族侗族自治县','JZMZDZZZX','湖南省怀化市靖州苗族侗族自治县'),(431230,3,'通道侗族自治县','TDDZZZX','湖南省怀化市通道侗族自治县'),(431281,3,'洪江市','HJS','湖南省怀化市洪江市'),(431302,3,'娄星区','LXQ','湖南省娄底市娄星区'),(431321,3,'双峰县','SFX','湖南省娄底市双峰县'),(431322,3,'新化县','XHX','湖南省娄底市新化县'),(431381,3,'冷水江市','LSJS','湖南省娄底市冷水江市'),(431382,3,'涟源市','LYS','湖南省娄底市涟源市'),(433101,3,'吉首市','JSS','湖南省湘西土家族苗族自治州吉首市'),(433122,3,'泸溪县','LXX','湖南省湘西土家族苗族自治州泸溪县'),(433123,3,'凤凰县','FHX','湖南省湘西土家族苗族自治州凤凰县'),(433124,3,'花垣县','HYX','湖南省湘西土家族苗族自治州花垣县'),(433125,3,'保靖县','BJX','湖南省湘西土家族苗族自治州保靖县'),(433126,3,'古丈县','GZX','湖南省湘西土家族苗族自治州古丈县'),(433127,3,'永顺县','YSX','湖南省湘西土家族苗族自治州永顺县'),(433130,3,'龙山县','LSX','湖南省湘西土家族苗族自治州龙山县'),(440103,3,'荔湾区','LWQ','广东省广州市荔湾区'),(440104,3,'越秀区','YXQ','广东省广州市越秀区'),(440105,3,'海珠区','HZQ','广东省广州市海珠区'),(440106,3,'天河区','THQ','广东省广州市天河区'),(440111,3,'白云区','BYQ','广东省广州市白云区'),(440112,3,'黄埔区','HPQ','广东省广州市黄埔区'),(440113,3,'番禺区','FYQ','广东省广州市番禺区'),(440114,3,'花都区','HDQ','广东省广州市花都区'),(440115,3,'南沙区','NSQ','广东省广州市南沙区'),(440117,3,'从化区','CHQ','广东省广州市从化区'),(440118,3,'增城区','ZCQ','广东省广州市增城区'),(440203,3,'武江区','WJQ','广东省韶关市武江区'),(440204,3,'浈江区','ZJQ','广东省韶关市浈江区'),(440205,3,'曲江区','QJQ','广东省韶关市曲江区'),(440222,3,'始兴县','SXX','广东省韶关市始兴县'),(440224,3,'仁化县','RHX','广东省韶关市仁化县'),(440229,3,'翁源县','WYX','广东省韶关市翁源县'),(440232,3,'乳源瑶族自治县','RYYZZZX','广东省韶关市乳源瑶族自治县'),(440233,3,'新丰县','XFX','广东省韶关市新丰县'),(440281,3,'乐昌市','LCS','广东省韶关市乐昌市'),(440282,3,'南雄市','NXS','广东省韶关市南雄市'),(440303,3,'罗湖区','LHQ','广东省深圳市罗湖区'),(440304,3,'福田区','FTQ','广东省深圳市福田区'),(440305,3,'南山区','NSQ','广东省深圳市南山区'),(440306,3,'宝安区','BAQ','广东省深圳市宝安区'),(440307,3,'龙岗区','LGQ','广东省深圳市龙岗区'),(440308,3,'盐田区','YTQ','广东省深圳市盐田区'),(440309,3,'龙华区','LHQ','广东省深圳市龙华区'),(440310,3,'坪山区','PSQ','广东省深圳市坪山区'),(440311,3,'光明区','GMQ','广东省深圳市光明区'),(440402,3,'香洲区','XZQ','广东省珠海市香洲区'),(440403,3,'斗门区','DMQ','广东省珠海市斗门区'),(440404,3,'金湾区','JWQ','广东省珠海市金湾区'),(440507,3,'龙湖区','LHQ','广东省汕头市龙湖区'),(440511,3,'金平区','JPQ','广东省汕头市金平区'),(440512,3,'濠江区','HJQ','广东省汕头市濠江区'),(440513,3,'潮阳区','CYQ','广东省汕头市潮阳区'),(440514,3,'潮南区','CNQ','广东省汕头市潮南区'),(440515,3,'澄海区','CHQ','广东省汕头市澄海区'),(440523,3,'南澳县','NAX','广东省汕头市南澳县'),(440604,3,'禅城区','SCQ','广东省佛山市禅城区'),(440605,3,'南海区','NHQ','广东省佛山市南海区'),(440606,3,'顺德区','SDQ','广东省佛山市顺德区'),(440607,3,'三水区','SSQ','广东省佛山市三水区'),(440608,3,'高明区','GMQ','广东省佛山市高明区'),(440703,3,'蓬江区','PJQ','广东省江门市蓬江区'),(440704,3,'江海区','JHQ','广东省江门市江海区'),(440705,3,'新会区','XHQ','广东省江门市新会区'),(440781,3,'台山市','TSS','广东省江门市台山市'),(440783,3,'开平市','KPS','广东省江门市开平市'),(440784,3,'鹤山市','HSS','广东省江门市鹤山市'),(440785,3,'恩平市','EPS','广东省江门市恩平市'),(440802,3,'赤坎区','CKQ','广东省湛江市赤坎区'),(440803,3,'霞山区','XSQ','广东省湛江市霞山区'),(440804,3,'坡头区','PTQ','广东省湛江市坡头区'),(440811,3,'麻章区','MZQ','广东省湛江市麻章区'),(440823,3,'遂溪县','SXX','广东省湛江市遂溪县'),(440825,3,'徐闻县','XWX','广东省湛江市徐闻县'),(440881,3,'廉江市','LJS','广东省湛江市廉江市'),(440882,3,'雷州市','LZS','广东省湛江市雷州市'),(440883,3,'吴川市','WCS','广东省湛江市吴川市'),(440902,3,'茂南区','MNQ','广东省茂名市茂南区'),(440904,3,'电白区','DBQ','广东省茂名市电白区'),(440981,3,'高州市','GZS','广东省茂名市高州市'),(440982,3,'化州市','HZS','广东省茂名市化州市'),(440983,3,'信宜市','XYS','广东省茂名市信宜市'),(441202,3,'端州区','DZQ','广东省肇庆市端州区'),(441203,3,'鼎湖区','DHQ','广东省肇庆市鼎湖区'),(441204,3,'高要区','GYQ','广东省肇庆市高要区'),(441223,3,'广宁县','GNX','广东省肇庆市广宁县'),(441224,3,'怀集县','HJX','广东省肇庆市怀集县'),(441225,3,'封开县','FKX','广东省肇庆市封开县'),(441226,3,'德庆县','DQX','广东省肇庆市德庆县'),(441284,3,'四会市','SHS','广东省肇庆市四会市'),(441302,3,'惠城区','HCQ','广东省惠州市惠城区'),(441303,3,'惠阳区','HYQ','广东省惠州市惠阳区'),(441322,3,'博罗县','BLX','广东省惠州市博罗县'),(441323,3,'惠东县','HDX','广东省惠州市惠东县'),(441324,3,'龙门县','LMX','广东省惠州市龙门县'),(441402,3,'梅江区','MJQ','广东省梅州市梅江区'),(441403,3,'梅县区','MXQ','广东省梅州市梅县区'),(441422,3,'大埔县','DPX','广东省梅州市大埔县'),(441423,3,'丰顺县','FSX','广东省梅州市丰顺县'),(441424,3,'五华县','WHX','广东省梅州市五华县'),(441426,3,'平远县','PYX','广东省梅州市平远县'),(441427,3,'蕉岭县','JLX','广东省梅州市蕉岭县'),(441481,3,'兴宁市','XNS','广东省梅州市兴宁市'),(441502,3,'城区','CQ','广东省汕尾市城区'),(441521,3,'海丰县','HFX','广东省汕尾市海丰县'),(441523,3,'陆河县','LHX','广东省汕尾市陆河县'),(441581,3,'陆丰市','LFS','广东省汕尾市陆丰市'),(441602,3,'源城区','YCQ','广东省河源市源城区'),(441621,3,'紫金县','ZJX','广东省河源市紫金县'),(441622,3,'龙川县','LCX','广东省河源市龙川县'),(441623,3,'连平县','LPX','广东省河源市连平县'),(441624,3,'和平县','HPX','广东省河源市和平县'),(441625,3,'东源县','DYX','广东省河源市东源县'),(441702,3,'江城区','JCQ','广东省阳江市江城区'),(441704,3,'阳东区','YDQ','广东省阳江市阳东区'),(441721,3,'阳西县','YXX','广东省阳江市阳西县'),(441781,3,'阳春市','YCS','广东省阳江市阳春市'),(441802,3,'清城区','QCQ','广东省清远市清城区'),(441803,3,'清新区','QXQ','广东省清远市清新区'),(441821,3,'佛冈县','FGX','广东省清远市佛冈县'),(441823,3,'阳山县','YSX','广东省清远市阳山县'),(441825,3,'连山壮族瑶族自治县','LSZZYZZZX','广东省清远市连山壮族瑶族自治县'),(441826,3,'连南瑶族自治县','LNYZZZX','广东省清远市连南瑶族自治县'),(441881,3,'英德市','YDS','广东省清远市英德市'),(441882,3,'连州市','LZS','广东省清远市连州市'),(445102,3,'湘桥区','XQQ','广东省潮州市湘桥区'),(445103,3,'潮安区','CAQ','广东省潮州市潮安区'),(445122,3,'饶平县','RPX','广东省潮州市饶平县'),(445202,3,'榕城区','RCQ','广东省揭阳市榕城区'),(445203,3,'揭东区','JDQ','广东省揭阳市揭东区'),(445222,3,'揭西县','JXX','广东省揭阳市揭西县'),(445224,3,'惠来县','HLX','广东省揭阳市惠来县'),(445281,3,'普宁市','PNS','广东省揭阳市普宁市'),(445302,3,'云城区','YCQ','广东省云浮市云城区'),(445303,3,'云安区','YAQ','广东省云浮市云安区'),(445321,3,'新兴县','XXX','广东省云浮市新兴县'),(445322,3,'郁南县','YNX','广东省云浮市郁南县'),(445381,3,'罗定市','LDS','广东省云浮市罗定市'),(450102,3,'兴宁区','XNQ','广西壮族自治区南宁市兴宁区'),(450103,3,'青秀区','QXQ','广西壮族自治区南宁市青秀区'),(450105,3,'江南区','JNQ','广西壮族自治区南宁市江南区'),(450107,3,'西乡塘区','XXTQ','广西壮族自治区南宁市西乡塘区'),(450108,3,'良庆区','LQQ','广西壮族自治区南宁市良庆区'),(450109,3,'邕宁区','YNQ','广西壮族自治区南宁市邕宁区'),(450110,3,'武鸣区','WMQ','广西壮族自治区南宁市武鸣区'),(450123,3,'隆安县','LAX','广西壮族自治区南宁市隆安县'),(450124,3,'马山县','MSX','广西壮族自治区南宁市马山县'),(450125,3,'上林县','SLX','广西壮族自治区南宁市上林县'),(450126,3,'宾阳县','BYX','广西壮族自治区南宁市宾阳县'),(450127,3,'横县','HX','广西壮族自治区南宁市横县'),(450202,3,'城中区','CZQ','广西壮族自治区柳州市城中区'),(450203,3,'鱼峰区','YFQ','广西壮族自治区柳州市鱼峰区'),(450204,3,'柳南区','LNQ','广西壮族自治区柳州市柳南区'),(450205,3,'柳北区','LBQ','广西壮族自治区柳州市柳北区'),(450206,3,'柳江区','LJQ','广西壮族自治区柳州市柳江区'),(450222,3,'柳城县','LCX','广西壮族自治区柳州市柳城县'),(450223,3,'鹿寨县','LZX','广西壮族自治区柳州市鹿寨县'),(450224,3,'融安县','RAX','广西壮族自治区柳州市融安县'),(450225,3,'融水苗族自治县','RSMZZZX','广西壮族自治区柳州市融水苗族自治县'),(450226,3,'三江侗族自治县','SJDZZZX','广西壮族自治区柳州市三江侗族自治县'),(450302,3,'秀峰区','XFQ','广西壮族自治区桂林市秀峰区'),(450303,3,'叠彩区','DCQ','广西壮族自治区桂林市叠彩区'),(450304,3,'象山区','XSQ','广西壮族自治区桂林市象山区'),(450305,3,'七星区','QXQ','广西壮族自治区桂林市七星区'),(450311,3,'雁山区','YSQ','广西壮族自治区桂林市雁山区'),(450312,3,'临桂区','LGQ','广西壮族自治区桂林市临桂区'),(450321,3,'阳朔县','YSX','广西壮族自治区桂林市阳朔县'),(450323,3,'灵川县','LCX','广西壮族自治区桂林市灵川县'),(450324,3,'全州县','QZX','广西壮族自治区桂林市全州县'),(450325,3,'兴安县','XAX','广西壮族自治区桂林市兴安县'),(450326,3,'永福县','YFX','广西壮族自治区桂林市永福县'),(450327,3,'灌阳县','GYX','广西壮族自治区桂林市灌阳县'),(450328,3,'龙胜各族自治县','LSGZZZX','广西壮族自治区桂林市龙胜各族自治县'),(450329,3,'资源县','ZYX','广西壮族自治区桂林市资源县'),(450330,3,'平乐县','PLX','广西壮族自治区桂林市平乐县'),(450332,3,'恭城瑶族自治县','GCYZZZX','广西壮族自治区桂林市恭城瑶族自治县'),(450381,3,'荔浦市','LPS','广西壮族自治区桂林市荔浦市'),(450403,3,'万秀区','WXQ','广西壮族自治区梧州市万秀区'),(450405,3,'长洲区','ZZQ','广西壮族自治区梧州市长洲区'),(450406,3,'龙圩区','LWQ','广西壮族自治区梧州市龙圩区'),(450421,3,'苍梧县','CWX','广西壮族自治区梧州市苍梧县'),(450422,3,'藤县','TX','广西壮族自治区梧州市藤县'),(450423,3,'蒙山县','MSX','广西壮族自治区梧州市蒙山县'),(450481,3,'岑溪市','CXS','广西壮族自治区梧州市岑溪市'),(450502,3,'海城区','HCQ','广西壮族自治区北海市海城区'),(450503,3,'银海区','YHQ','广西壮族自治区北海市银海区'),(450512,3,'铁山港区','TSGQ','广西壮族自治区北海市铁山港区'),(450521,3,'合浦县','HPX','广西壮族自治区北海市合浦县'),(450602,3,'港口区','GKQ','广西壮族自治区防城港市港口区'),(450603,3,'防城区','FCQ','广西壮族自治区防城港市防城区'),(450621,3,'上思县','SSX','广西壮族自治区防城港市上思县'),(450681,3,'东兴市','DXS','广西壮族自治区防城港市东兴市'),(450702,3,'钦南区','QNQ','广西壮族自治区钦州市钦南区'),(450703,3,'钦北区','QBQ','广西壮族自治区钦州市钦北区'),(450721,3,'灵山县','LSX','广西壮族自治区钦州市灵山县'),(450722,3,'浦北县','PBX','广西壮族自治区钦州市浦北县'),(450802,3,'港北区','GBQ','广西壮族自治区贵港市港北区'),(450803,3,'港南区','GNQ','广西壮族自治区贵港市港南区'),(450804,3,'覃塘区','TTQ','广西壮族自治区贵港市覃塘区'),(450821,3,'平南县','PNX','广西壮族自治区贵港市平南县'),(450881,3,'桂平市','GPS','广西壮族自治区贵港市桂平市'),(450902,3,'玉州区','YZQ','广西壮族自治区玉林市玉州区'),(450903,3,'福绵区','FMQ','广西壮族自治区玉林市福绵区'),(450921,3,'容县','RX','广西壮族自治区玉林市容县'),(450922,3,'陆川县','LCX','广西壮族自治区玉林市陆川县'),(450923,3,'博白县','BBX','广西壮族自治区玉林市博白县'),(450924,3,'兴业县','XYX','广西壮族自治区玉林市兴业县'),(450981,3,'北流市','BLS','广西壮族自治区玉林市北流市'),(451002,3,'右江区','YJQ','广西壮族自治区百色市右江区'),(451003,3,'田阳区','TYQ','广西壮族自治区百色市田阳区'),(451022,3,'田东县','TDX','广西壮族自治区百色市田东县'),(451024,3,'德保县','DBX','广西壮族自治区百色市德保县'),(451026,3,'那坡县','NPX','广西壮族自治区百色市那坡县'),(451027,3,'凌云县','LYX','广西壮族自治区百色市凌云县'),(451028,3,'乐业县','LYX','广西壮族自治区百色市乐业县'),(451029,3,'田林县','TLX','广西壮族自治区百色市田林县'),(451030,3,'西林县','XLX','广西壮族自治区百色市西林县'),(451031,3,'隆林各族自治县','LLGZZZX','广西壮族自治区百色市隆林各族自治县'),(451081,3,'靖西市','JXS','广西壮族自治区百色市靖西市'),(451082,3,'平果市','PGS','广西壮族自治区百色市平果市'),(451102,3,'八步区','BBQ','广西壮族自治区贺州市八步区'),(451103,3,'平桂区','PGQ','广西壮族自治区贺州市平桂区'),(451121,3,'昭平县','ZPX','广西壮族自治区贺州市昭平县'),(451122,3,'钟山县','ZSX','广西壮族自治区贺州市钟山县'),(451123,3,'富川瑶族自治县','FCYZZZX','广西壮族自治区贺州市富川瑶族自治县'),(451202,3,'金城江区','JCJQ','广西壮族自治区河池市金城江区'),(451203,3,'宜州区','YZQ','广西壮族自治区河池市宜州区'),(451221,3,'南丹县','NDX','广西壮族自治区河池市南丹县'),(451222,3,'天峨县','TEX','广西壮族自治区河池市天峨县'),(451223,3,'凤山县','FSX','广西壮族自治区河池市凤山县'),(451224,3,'东兰县','DLX','广西壮族自治区河池市东兰县'),(451225,3,'罗城仫佬族自治县','LCMLZZZX','广西壮族自治区河池市罗城仫佬族自治县'),(451226,3,'环江毛南族自治县','HJMNZZZX','广西壮族自治区河池市环江毛南族自治县'),(451227,3,'巴马瑶族自治县','BMYZZZX','广西壮族自治区河池市巴马瑶族自治县'),(451228,3,'都安瑶族自治县','DAYZZZX','广西壮族自治区河池市都安瑶族自治县'),(451229,3,'大化瑶族自治县','DHYZZZX','广西壮族自治区河池市大化瑶族自治县'),(451302,3,'兴宾区','XBQ','广西壮族自治区来宾市兴宾区'),(451321,3,'忻城县','XCX','广西壮族自治区来宾市忻城县'),(451322,3,'象州县','XZX','广西壮族自治区来宾市象州县'),(451323,3,'武宣县','WXX','广西壮族自治区来宾市武宣县'),(451324,3,'金秀瑶族自治县','JXYZZZX','广西壮族自治区来宾市金秀瑶族自治县'),(451381,3,'合山市','HSS','广西壮族自治区来宾市合山市'),(451402,3,'江州区','JZQ','广西壮族自治区崇左市江州区'),(451421,3,'扶绥县','FSX','广西壮族自治区崇左市扶绥县'),(451422,3,'宁明县','NMX','广西壮族自治区崇左市宁明县'),(451423,3,'龙州县','LZX','广西壮族自治区崇左市龙州县'),(451424,3,'大新县','DXX','广西壮族自治区崇左市大新县'),(451425,3,'天等县','TDX','广西壮族自治区崇左市天等县'),(451481,3,'凭祥市','PXS','广西壮族自治区崇左市凭祥市'),(460105,3,'秀英区','XYQ','海南省海口市秀英区'),(460106,3,'龙华区','LHQ','海南省海口市龙华区'),(460107,3,'琼山区','QSQ','海南省海口市琼山区'),(460108,3,'美兰区','MLQ','海南省海口市美兰区'),(460202,3,'海棠区','HTQ','海南省三亚市海棠区'),(460203,3,'吉阳区','JYQ','海南省三亚市吉阳区'),(460204,3,'天涯区','TYQ','海南省三亚市天涯区'),(460205,3,'崖州区','YZQ','海南省三亚市崖州区'),(469001,3,'五指山市','WZSS','海南省五指山市'),(469002,3,'琼海市','QHS','海南省琼海市'),(469005,3,'文昌市','WCS','海南省文昌市'),(469006,3,'万宁市','WNS','海南省万宁市'),(469007,3,'东方市','DFS','海南省东方市'),(469021,3,'定安县','DAX','海南省定安县'),(469022,3,'屯昌县','TCX','海南省屯昌县'),(469023,3,'澄迈县','CMX','海南省澄迈县'),(469024,3,'临高县','LGX','海南省临高县'),(469025,3,'白沙黎族自治县','BSLZZZX','海南省白沙黎族自治县'),(469026,3,'昌江黎族自治县','CJLZZZX','海南省昌江黎族自治县'),(469027,3,'乐东黎族自治县','LDLZZZX','海南省乐东黎族自治县'),(469028,3,'陵水黎族自治县','LSLZZZX','海南省陵水黎族自治县'),(469029,3,'保亭黎族苗族自治县','BTLZMZZZX','海南省保亭黎族苗族自治县'),(469030,3,'琼中黎族苗族自治县','QZLZMZZZX','海南省琼中黎族苗族自治县'),(500101,3,'万州区','WZQ','重庆市万州区'),(500102,3,'涪陵区','FLQ','重庆市涪陵区'),(500103,3,'渝中区','YZQ','重庆市渝中区'),(500104,3,'大渡口区','DDKQ','重庆市大渡口区'),(500105,3,'江北区','JBQ','重庆市江北区'),(500106,3,'沙坪坝区','SPBQ','重庆市沙坪坝区'),(500107,3,'九龙坡区','JLPQ','重庆市九龙坡区'),(500108,3,'南岸区','NAQ','重庆市南岸区'),(500109,3,'北碚区','BBQ','重庆市北碚区'),(500110,3,'綦江区','QJQ','重庆市綦江区'),(500111,3,'大足区','DZQ','重庆市大足区'),(500112,3,'渝北区','YBQ','重庆市渝北区'),(500113,3,'巴南区','BNQ','重庆市巴南区'),(500114,3,'黔江区','QJQ','重庆市黔江区'),(500115,3,'长寿区','ZSQ','重庆市长寿区'),(500116,3,'江津区','JJQ','重庆市江津区'),(500117,3,'合川区','HCQ','重庆市合川区'),(500118,3,'永川区','YCQ','重庆市永川区'),(500119,3,'南川区','NCQ','重庆市南川区'),(500120,3,'璧山区','BSQ','重庆市璧山区'),(500151,3,'铜梁区','TLQ','重庆市铜梁区'),(500152,3,'潼南区','TNQ','重庆市潼南区'),(500153,3,'荣昌区','RCQ','重庆市荣昌区'),(500154,3,'开州区','KZQ','重庆市开州区'),(500155,3,'梁平区','LPQ','重庆市梁平区'),(500156,3,'武隆区','WLQ','重庆市武隆区'),(500229,3,'城口县','CKX','重庆市城口县'),(500230,3,'丰都县','FDX','重庆市丰都县'),(500231,3,'垫江县','DJX','重庆市垫江县'),(500233,3,'忠县','ZX','重庆市忠县'),(500235,3,'云阳县','YYX','重庆市云阳县'),(500236,3,'奉节县','FJX','重庆市奉节县'),(500237,3,'巫山县','WSX','重庆市巫山县'),(500238,3,'巫溪县','WXX','重庆市巫溪县'),(500240,3,'石柱土家族自治县','SZTJZZZX','重庆市石柱土家族自治县'),(500241,3,'秀山土家族苗族自治县','XSTJZMZZZX','重庆市秀山土家族苗族自治县'),(500242,3,'酉阳土家族苗族自治县','YYTJZMZZZX','重庆市酉阳土家族苗族自治县'),(500243,3,'彭水苗族土家族自治县','PSMZTJZZZX','重庆市彭水苗族土家族自治县'),(510104,3,'锦江区','JJQ','四川省成都市锦江区'),(510105,3,'青羊区','QYQ','四川省成都市青羊区'),(510106,3,'金牛区','JNQ','四川省成都市金牛区'),(510107,3,'武侯区','WHQ','四川省成都市武侯区'),(510108,3,'成华区','CHQ','四川省成都市成华区'),(510112,3,'龙泉驿区','LQYQ','四川省成都市龙泉驿区'),(510113,3,'青白江区','QBJQ','四川省成都市青白江区'),(510114,3,'新都区','XDQ','四川省成都市新都区'),(510115,3,'温江区','WJQ','四川省成都市温江区'),(510116,3,'双流区','SLQ','四川省成都市双流区'),(510117,3,'郫都区','PDQ','四川省成都市郫都区'),(510118,3,'新津区','XJQ','四川省成都市新津区'),(510121,3,'金堂县','JTX','四川省成都市金堂县'),(510129,3,'大邑县','DYX','四川省成都市大邑县'),(510131,3,'蒲江县','PJX','四川省成都市蒲江县'),(510181,3,'都江堰市','DJYS','四川省成都市都江堰市'),(510182,3,'彭州市','PZS','四川省成都市彭州市'),(510183,3,'邛崃市','QLS','四川省成都市邛崃市'),(510184,3,'崇州市','CZS','四川省成都市崇州市'),(510185,3,'简阳市','JYS','四川省成都市简阳市'),(510302,3,'自流井区','ZLJQ','四川省自贡市自流井区'),(510303,3,'贡井区','GJQ','四川省自贡市贡井区'),(510304,3,'大安区','DAQ','四川省自贡市大安区'),(510311,3,'沿滩区','YTQ','四川省自贡市沿滩区'),(510321,3,'荣县','RX','四川省自贡市荣县'),(510322,3,'富顺县','FSX','四川省自贡市富顺县'),(510402,3,'东区','DQ','四川省攀枝花市东区'),(510403,3,'西区','XQ','四川省攀枝花市西区'),(510411,3,'仁和区','RHQ','四川省攀枝花市仁和区'),(510421,3,'米易县','MYX','四川省攀枝花市米易县'),(510422,3,'盐边县','YBX','四川省攀枝花市盐边县'),(510502,3,'江阳区','JYQ','四川省泸州市江阳区'),(510503,3,'纳溪区','NXQ','四川省泸州市纳溪区'),(510504,3,'龙马潭区','LMTQ','四川省泸州市龙马潭区'),(510521,3,'泸县','LX','四川省泸州市泸县'),(510522,3,'合江县','HJX','四川省泸州市合江县'),(510524,3,'叙永县','XYX','四川省泸州市叙永县'),(510525,3,'古蔺县','GLX','四川省泸州市古蔺县'),(510603,3,'旌阳区','JYQ','四川省德阳市旌阳区'),(510604,3,'罗江区','LJQ','四川省德阳市罗江区'),(510623,3,'中江县','ZJX','四川省德阳市中江县'),(510681,3,'广汉市','GHS','四川省德阳市广汉市'),(510682,3,'什邡市','SFS','四川省德阳市什邡市'),(510683,3,'绵竹市','MZS','四川省德阳市绵竹市'),(510703,3,'涪城区','FCQ','四川省绵阳市涪城区'),(510704,3,'游仙区','YXQ','四川省绵阳市游仙区'),(510705,3,'安州区','AZQ','四川省绵阳市安州区'),(510722,3,'三台县','STX','四川省绵阳市三台县'),(510723,3,'盐亭县','YTX','四川省绵阳市盐亭县'),(510725,3,'梓潼县','ZTX','四川省绵阳市梓潼县'),(510726,3,'北川羌族自治县','BCQZZZX','四川省绵阳市北川羌族自治县'),(510727,3,'平武县','PWX','四川省绵阳市平武县'),(510781,3,'江油市','JYS','四川省绵阳市江油市'),(510802,3,'利州区','LZQ','四川省广元市利州区'),(510811,3,'昭化区','ZHQ','四川省广元市昭化区'),(510812,3,'朝天区','CTQ','四川省广元市朝天区'),(510821,3,'旺苍县','WCX','四川省广元市旺苍县'),(510822,3,'青川县','QCX','四川省广元市青川县'),(510823,3,'剑阁县','JGX','四川省广元市剑阁县'),(510824,3,'苍溪县','CXX','四川省广元市苍溪县'),(510903,3,'船山区','CSQ','四川省遂宁市船山区'),(510904,3,'安居区','AJQ','四川省遂宁市安居区'),(510921,3,'蓬溪县','PXX','四川省遂宁市蓬溪县'),(510923,3,'大英县','DYX','四川省遂宁市大英县'),(510981,3,'射洪市','SHS','四川省遂宁市射洪市'),(511002,3,'市中区','SZQ','四川省内江市市中区'),(511011,3,'东兴区','DXQ','四川省内江市东兴区'),(511024,3,'威远县','WYX','四川省内江市威远县'),(511025,3,'资中县','ZZX','四川省内江市资中县'),(511083,3,'隆昌市','LCS','四川省内江市隆昌市'),(511102,3,'市中区','SZQ','四川省乐山市市中区'),(511111,3,'沙湾区','SWQ','四川省乐山市沙湾区'),(511112,3,'五通桥区','WTQQ','四川省乐山市五通桥区'),(511113,3,'金口河区','JKHQ','四川省乐山市金口河区'),(511123,3,'犍为县','JWX','四川省乐山市犍为县'),(511124,3,'井研县','JYX','四川省乐山市井研县'),(511126,3,'夹江县','JJX','四川省乐山市夹江县'),(511129,3,'沐川县','MCX','四川省乐山市沐川县'),(511132,3,'峨边彝族自治县','EBYZZZX','四川省乐山市峨边彝族自治县'),(511133,3,'马边彝族自治县','MBYZZZX','四川省乐山市马边彝族自治县'),(511181,3,'峨眉山市','EMSS','四川省乐山市峨眉山市'),(511302,3,'顺庆区','SQQ','四川省南充市顺庆区'),(511303,3,'高坪区','GPQ','四川省南充市高坪区'),(511304,3,'嘉陵区','JLQ','四川省南充市嘉陵区'),(511321,3,'南部县','NBX','四川省南充市南部县'),(511322,3,'营山县','YSX','四川省南充市营山县'),(511323,3,'蓬安县','PAX','四川省南充市蓬安县'),(511324,3,'仪陇县','YLX','四川省南充市仪陇县'),(511325,3,'西充县','XCX','四川省南充市西充县'),(511381,3,'阆中市','LZS','四川省南充市阆中市'),(511402,3,'东坡区','DPQ','四川省眉山市东坡区'),(511403,3,'彭山区','PSQ','四川省眉山市彭山区'),(511421,3,'仁寿县','RSX','四川省眉山市仁寿县'),(511423,3,'洪雅县','HYX','四川省眉山市洪雅县'),(511424,3,'丹棱县','DLX','四川省眉山市丹棱县'),(511425,3,'青神县','QSX','四川省眉山市青神县'),(511502,3,'翠屏区','CPQ','四川省宜宾市翠屏区'),(511503,3,'南溪区','NXQ','四川省宜宾市南溪区'),(511504,3,'叙州区','XZQ','四川省宜宾市叙州区'),(511523,3,'江安县','JAX','四川省宜宾市江安县'),(511524,3,'长宁县','ZNX','四川省宜宾市长宁县'),(511525,3,'高县','GX','四川省宜宾市高县'),(511526,3,'珙县','GX','四川省宜宾市珙县'),(511527,3,'筠连县','YLX','四川省宜宾市筠连县'),(511528,3,'兴文县','XWX','四川省宜宾市兴文县'),(511529,3,'屏山县','PSX','四川省宜宾市屏山县'),(511602,3,'广安区','GAQ','四川省广安市广安区'),(511603,3,'前锋区','QFQ','四川省广安市前锋区'),(511621,3,'岳池县','YCX','四川省广安市岳池县'),(511622,3,'武胜县','WSX','四川省广安市武胜县'),(511623,3,'邻水县','LSX','四川省广安市邻水县'),(511681,3,'华蓥市','HYS','四川省广安市华蓥市'),(511702,3,'通川区','TCQ','四川省达州市通川区'),(511703,3,'达川区','DCQ','四川省达州市达川区'),(511722,3,'宣汉县','XHX','四川省达州市宣汉县'),(511723,3,'开江县','KJX','四川省达州市开江县'),(511724,3,'大竹县','DZX','四川省达州市大竹县'),(511725,3,'渠县','QX','四川省达州市渠县'),(511781,3,'万源市','WYS','四川省达州市万源市'),(511802,3,'雨城区','YCQ','四川省雅安市雨城区'),(511803,3,'名山区','MSQ','四川省雅安市名山区'),(511822,3,'荥经县','YJX','四川省雅安市荥经县'),(511823,3,'汉源县','HYX','四川省雅安市汉源县'),(511824,3,'石棉县','SMX','四川省雅安市石棉县'),(511825,3,'天全县','TQX','四川省雅安市天全县'),(511826,3,'芦山县','LSX','四川省雅安市芦山县'),(511827,3,'宝兴县','BXX','四川省雅安市宝兴县'),(511902,3,'巴州区','BZQ','四川省巴中市巴州区'),(511903,3,'恩阳区','EYQ','四川省巴中市恩阳区'),(511921,3,'通江县','TJX','四川省巴中市通江县'),(511922,3,'南江县','NJX','四川省巴中市南江县'),(511923,3,'平昌县','PCX','四川省巴中市平昌县'),(512002,3,'雁江区','YJQ','四川省资阳市雁江区'),(512021,3,'安岳县','AYX','四川省资阳市安岳县'),(512022,3,'乐至县','LZX','四川省资阳市乐至县'),(513201,3,'马尔康市','MEKS','四川省阿坝藏族羌族自治州马尔康市'),(513221,3,'汶川县','WCX','四川省阿坝藏族羌族自治州汶川县'),(513222,3,'理县','LX','四川省阿坝藏族羌族自治州理县'),(513223,3,'茂县','MX','四川省阿坝藏族羌族自治州茂县'),(513224,3,'松潘县','SPX','四川省阿坝藏族羌族自治州松潘县'),(513225,3,'九寨沟县','JZGX','四川省阿坝藏族羌族自治州九寨沟县'),(513226,3,'金川县','JCX','四川省阿坝藏族羌族自治州金川县'),(513227,3,'小金县','XJX','四川省阿坝藏族羌族自治州小金县'),(513228,3,'黑水县','HSX','四川省阿坝藏族羌族自治州黑水县'),(513230,3,'壤塘县','RTX','四川省阿坝藏族羌族自治州壤塘县'),(513231,3,'阿坝县','ABX','四川省阿坝藏族羌族自治州阿坝县'),(513232,3,'若尔盖县','REGX','四川省阿坝藏族羌族自治州若尔盖县'),(513233,3,'红原县','HYX','四川省阿坝藏族羌族自治州红原县'),(513301,3,'康定市','KDS','四川省甘孜藏族自治州康定市'),(513322,3,'泸定县','LDX','四川省甘孜藏族自治州泸定县'),(513323,3,'丹巴县','DBX','四川省甘孜藏族自治州丹巴县'),(513324,3,'九龙县','JLX','四川省甘孜藏族自治州九龙县'),(513325,3,'雅江县','YJX','四川省甘孜藏族自治州雅江县'),(513326,3,'道孚县','DFX','四川省甘孜藏族自治州道孚县'),(513327,3,'炉霍县','LHX','四川省甘孜藏族自治州炉霍县'),(513328,3,'甘孜县','GZX','四川省甘孜藏族自治州甘孜县'),(513329,3,'新龙县','XLX','四川省甘孜藏族自治州新龙县'),(513330,3,'德格县','DGX','四川省甘孜藏族自治州德格县'),(513331,3,'白玉县','BYX','四川省甘孜藏族自治州白玉县'),(513332,3,'石渠县','SQX','四川省甘孜藏族自治州石渠县'),(513333,3,'色达县','SDX','四川省甘孜藏族自治州色达县'),(513334,3,'理塘县','LTX','四川省甘孜藏族自治州理塘县'),(513335,3,'巴塘县','BTX','四川省甘孜藏族自治州巴塘县'),(513336,3,'乡城县','XCX','四川省甘孜藏族自治州乡城县'),(513337,3,'稻城县','DCX','四川省甘孜藏族自治州稻城县'),(513338,3,'得荣县','DRX','四川省甘孜藏族自治州得荣县'),(513401,3,'西昌市','XCS','四川省凉山彝族自治州西昌市'),(513422,3,'木里藏族自治县','MLZZZZX','四川省凉山彝族自治州木里藏族自治县'),(513423,3,'盐源县','YYX','四川省凉山彝族自治州盐源县'),(513424,3,'德昌县','DCX','四川省凉山彝族自治州德昌县'),(513425,3,'会理县','HLX','四川省凉山彝族自治州会理县'),(513426,3,'会东县','HDX','四川省凉山彝族自治州会东县'),(513427,3,'宁南县','NNX','四川省凉山彝族自治州宁南县'),(513428,3,'普格县','PGX','四川省凉山彝族自治州普格县'),(513429,3,'布拖县','BTX','四川省凉山彝族自治州布拖县'),(513430,3,'金阳县','JYX','四川省凉山彝族自治州金阳县'),(513431,3,'昭觉县','ZJX','四川省凉山彝族自治州昭觉县'),(513432,3,'喜德县','XDX','四川省凉山彝族自治州喜德县'),(513433,3,'冕宁县','MNX','四川省凉山彝族自治州冕宁县'),(513434,3,'越西县','YXX','四川省凉山彝族自治州越西县'),(513435,3,'甘洛县','GLX','四川省凉山彝族自治州甘洛县'),(513436,3,'美姑县','MGX','四川省凉山彝族自治州美姑县'),(513437,3,'雷波县','LBX','四川省凉山彝族自治州雷波县'),(520102,3,'南明区','NMQ','贵州省贵阳市南明区'),(520103,3,'云岩区','YYQ','贵州省贵阳市云岩区'),(520111,3,'花溪区','HXQ','贵州省贵阳市花溪区'),(520112,3,'乌当区','WDQ','贵州省贵阳市乌当区'),(520113,3,'白云区','BYQ','贵州省贵阳市白云区'),(520115,3,'观山湖区','GSHQ','贵州省贵阳市观山湖区'),(520121,3,'开阳县','KYX','贵州省贵阳市开阳县'),(520122,3,'息烽县','XFX','贵州省贵阳市息烽县'),(520123,3,'修文县','XWX','贵州省贵阳市修文县'),(520181,3,'清镇市','QZS','贵州省贵阳市清镇市'),(520201,3,'钟山区','ZSQ','贵州省六盘水市钟山区'),(520203,3,'六枝特区','LZTQ','贵州省六盘水市六枝特区'),(520204,3,'水城区','SCQ','贵州省六盘水市水城区'),(520281,3,'盘州市','PZS','贵州省六盘水市盘州市'),(520302,3,'红花岗区','HHGQ','贵州省遵义市红花岗区'),(520303,3,'汇川区','HCQ','贵州省遵义市汇川区'),(520304,3,'播州区','BZQ','贵州省遵义市播州区'),(520322,3,'桐梓县','TZX','贵州省遵义市桐梓县'),(520323,3,'绥阳县','SYX','贵州省遵义市绥阳县'),(520324,3,'正安县','ZAX','贵州省遵义市正安县'),(520325,3,'道真仡佬族苗族自治县','DZGLZMZZZX','贵州省遵义市道真仡佬族苗族自治县'),(520326,3,'务川仡佬族苗族自治县','WCGLZMZZZX','贵州省遵义市务川仡佬族苗族自治县'),(520327,3,'凤冈县','FGX','贵州省遵义市凤冈县'),(520328,3,'湄潭县','MTX','贵州省遵义市湄潭县'),(520329,3,'余庆县','YQX','贵州省遵义市余庆县'),(520330,3,'习水县','XSX','贵州省遵义市习水县'),(520381,3,'赤水市','CSS','贵州省遵义市赤水市'),(520382,3,'仁怀市','RHS','贵州省遵义市仁怀市'),(520402,3,'西秀区','XXQ','贵州省安顺市西秀区'),(520403,3,'平坝区','PBQ','贵州省安顺市平坝区'),(520422,3,'普定县','PDX','贵州省安顺市普定县'),(520423,3,'镇宁布依族苗族自治县','ZNBYZMZZZX','贵州省安顺市镇宁布依族苗族自治县'),(520424,3,'关岭布依族苗族自治县','GLBYZMZZZX','贵州省安顺市关岭布依族苗族自治县'),(520425,3,'紫云苗族布依族自治县','ZYMZBYZZZX','贵州省安顺市紫云苗族布依族自治县'),(520502,3,'七星关区','QXGQ','贵州省毕节市七星关区'),(520521,3,'大方县','DFX','贵州省毕节市大方县'),(520522,3,'黔西县','QXX','贵州省毕节市黔西县'),(520523,3,'金沙县','JSX','贵州省毕节市金沙县'),(520524,3,'织金县','ZJX','贵州省毕节市织金县'),(520525,3,'纳雍县','NYX','贵州省毕节市纳雍县'),(520526,3,'威宁彝族回族苗族自治县','WNYZHZMZZZX','贵州省毕节市威宁彝族回族苗族自治县'),(520527,3,'赫章县','HZX','贵州省毕节市赫章县'),(520602,3,'碧江区','BJQ','贵州省铜仁市碧江区'),(520603,3,'万山区','WSQ','贵州省铜仁市万山区'),(520621,3,'江口县','JKX','贵州省铜仁市江口县'),(520622,3,'玉屏侗族自治县','YPDZZZX','贵州省铜仁市玉屏侗族自治县'),(520623,3,'石阡县','SQX','贵州省铜仁市石阡县'),(520624,3,'思南县','SNX','贵州省铜仁市思南县'),(520625,3,'印江土家族苗族自治县','YJTJZMZZZX','贵州省铜仁市印江土家族苗族自治县'),(520626,3,'德江县','DJX','贵州省铜仁市德江县'),(520627,3,'沿河土家族自治县','YHTJZZZX','贵州省铜仁市沿河土家族自治县'),(520628,3,'松桃苗族自治县','STMZZZX','贵州省铜仁市松桃苗族自治县'),(522301,3,'兴义市','XYS','贵州省黔西南布依族苗族自治州兴义市'),(522302,3,'兴仁市','XRS','贵州省黔西南布依族苗族自治州兴仁市'),(522323,3,'普安县','PAX','贵州省黔西南布依族苗族自治州普安县'),(522324,3,'晴隆县','QLX','贵州省黔西南布依族苗族自治州晴隆县'),(522325,3,'贞丰县','ZFX','贵州省黔西南布依族苗族自治州贞丰县'),(522326,3,'望谟县','WMX','贵州省黔西南布依族苗族自治州望谟县'),(522327,3,'册亨县','CHX','贵州省黔西南布依族苗族自治州册亨县'),(522328,3,'安龙县','ALX','贵州省黔西南布依族苗族自治州安龙县'),(522601,3,'凯里市','KLS','贵州省黔东南苗族侗族自治州凯里市'),(522622,3,'黄平县','HPX','贵州省黔东南苗族侗族自治州黄平县'),(522623,3,'施秉县','SBX','贵州省黔东南苗族侗族自治州施秉县'),(522624,3,'三穗县','SSX','贵州省黔东南苗族侗族自治州三穗县'),(522625,3,'镇远县','ZYX','贵州省黔东南苗族侗族自治州镇远县'),(522626,3,'岑巩县','CGX','贵州省黔东南苗族侗族自治州岑巩县'),(522627,3,'天柱县','TZX','贵州省黔东南苗族侗族自治州天柱县'),(522628,3,'锦屏县','JPX','贵州省黔东南苗族侗族自治州锦屏县'),(522629,3,'剑河县','JHX','贵州省黔东南苗族侗族自治州剑河县'),(522630,3,'台江县','TJX','贵州省黔东南苗族侗族自治州台江县'),(522631,3,'黎平县','LPX','贵州省黔东南苗族侗族自治州黎平县'),(522632,3,'榕江县','RJX','贵州省黔东南苗族侗族自治州榕江县'),(522633,3,'从江县','CJX','贵州省黔东南苗族侗族自治州从江县'),(522634,3,'雷山县','LSX','贵州省黔东南苗族侗族自治州雷山县'),(522635,3,'麻江县','MJX','贵州省黔东南苗族侗族自治州麻江县'),(522636,3,'丹寨县','DZX','贵州省黔东南苗族侗族自治州丹寨县'),(522701,3,'都匀市','DYS','贵州省黔南布依族苗族自治州都匀市'),(522702,3,'福泉市','FQS','贵州省黔南布依族苗族自治州福泉市'),(522722,3,'荔波县','LBX','贵州省黔南布依族苗族自治州荔波县'),(522723,3,'贵定县','GDX','贵州省黔南布依族苗族自治州贵定县'),(522725,3,'瓮安县','WAX','贵州省黔南布依族苗族自治州瓮安县'),(522726,3,'独山县','DSX','贵州省黔南布依族苗族自治州独山县'),(522727,3,'平塘县','PTX','贵州省黔南布依族苗族自治州平塘县'),(522728,3,'罗甸县','LDX','贵州省黔南布依族苗族自治州罗甸县'),(522729,3,'长顺县','ZSX','贵州省黔南布依族苗族自治州长顺县'),(522730,3,'龙里县','LLX','贵州省黔南布依族苗族自治州龙里县'),(522731,3,'惠水县','HSX','贵州省黔南布依族苗族自治州惠水县'),(522732,3,'三都水族自治县','SDSZZZX','贵州省黔南布依族苗族自治州三都水族自治县'),(530102,3,'五华区','WHQ','云南省昆明市五华区'),(530103,3,'盘龙区','PLQ','云南省昆明市盘龙区'),(530111,3,'官渡区','GDQ','云南省昆明市官渡区'),(530112,3,'西山区','XSQ','云南省昆明市西山区'),(530113,3,'东川区','DCQ','云南省昆明市东川区'),(530114,3,'呈贡区','CGQ','云南省昆明市呈贡区'),(530115,3,'晋宁区','JNQ','云南省昆明市晋宁区'),(530124,3,'富民县','FMX','云南省昆明市富民县'),(530125,3,'宜良县','YLX','云南省昆明市宜良县'),(530126,3,'石林彝族自治县','SLYZZZX','云南省昆明市石林彝族自治县'),(530127,3,'嵩明县','SMX','云南省昆明市嵩明县'),(530128,3,'禄劝彝族苗族自治县','LQYZMZZZX','云南省昆明市禄劝彝族苗族自治县'),(530129,3,'寻甸回族彝族自治县','XDHZYZZZX','云南省昆明市寻甸回族彝族自治县'),(530181,3,'安宁市','ANS','云南省昆明市安宁市'),(530302,3,'麒麟区','QLQ','云南省曲靖市麒麟区'),(530303,3,'沾益区','ZYQ','云南省曲靖市沾益区'),(530304,3,'马龙区','MLQ','云南省曲靖市马龙区'),(530322,3,'陆良县','LLX','云南省曲靖市陆良县'),(530323,3,'师宗县','SZX','云南省曲靖市师宗县'),(530324,3,'罗平县','LPX','云南省曲靖市罗平县'),(530325,3,'富源县','FYX','云南省曲靖市富源县'),(530326,3,'会泽县','HZX','云南省曲靖市会泽县'),(530381,3,'宣威市','XWS','云南省曲靖市宣威市'),(530402,3,'红塔区','HTQ','云南省玉溪市红塔区'),(530403,3,'江川区','JCQ','云南省玉溪市江川区'),(530423,3,'通海县','THX','云南省玉溪市通海县'),(530424,3,'华宁县','HNX','云南省玉溪市华宁县'),(530425,3,'易门县','YMX','云南省玉溪市易门县'),(530426,3,'峨山彝族自治县','ESYZZZX','云南省玉溪市峨山彝族自治县'),(530427,3,'新平彝族傣族自治县','XPYZDZZZX','云南省玉溪市新平彝族傣族自治县'),(530428,3,'元江哈尼族彝族傣族自治县','YJHNZYZDZZZX','云南省玉溪市元江哈尼族彝族傣族自治县'),(530481,3,'澄江市','CJS','云南省玉溪市澄江市'),(530502,3,'隆阳区','LYQ','云南省保山市隆阳区'),(530521,3,'施甸县','SDX','云南省保山市施甸县'),(530523,3,'龙陵县','LLX','云南省保山市龙陵县'),(530524,3,'昌宁县','CNX','云南省保山市昌宁县'),(530581,3,'腾冲市','TCS','云南省保山市腾冲市'),(530602,3,'昭阳区','ZYQ','云南省昭通市昭阳区'),(530621,3,'鲁甸县','LDX','云南省昭通市鲁甸县'),(530622,3,'巧家县','QJX','云南省昭通市巧家县'),(530623,3,'盐津县','YJX','云南省昭通市盐津县'),(530624,3,'大关县','DGX','云南省昭通市大关县'),(530625,3,'永善县','YSX','云南省昭通市永善县'),(530626,3,'绥江县','SJX','云南省昭通市绥江县'),(530627,3,'镇雄县','ZXX','云南省昭通市镇雄县'),(530628,3,'彝良县','YLX','云南省昭通市彝良县'),(530629,3,'威信县','WXX','云南省昭通市威信县'),(530681,3,'水富市','SFS','云南省昭通市水富市'),(530702,3,'古城区','GCQ','云南省丽江市古城区'),(530721,3,'玉龙纳西族自治县','YLNXZZZX','云南省丽江市玉龙纳西族自治县'),(530722,3,'永胜县','YSX','云南省丽江市永胜县'),(530723,3,'华坪县','HPX','云南省丽江市华坪县'),(530724,3,'宁蒗彝族自治县','NLYZZZX','云南省丽江市宁蒗彝族自治县'),(530802,3,'思茅区','SMQ','云南省普洱市思茅区'),(530821,3,'宁洱哈尼族彝族自治县','NEHNZYZZZX','云南省普洱市宁洱哈尼族彝族自治县'),(530822,3,'墨江哈尼族自治县','MJHNZZZX','云南省普洱市墨江哈尼族自治县'),(530823,3,'景东彝族自治县','JDYZZZX','云南省普洱市景东彝族自治县'),(530824,3,'景谷傣族彝族自治县','JGDZYZZZX','云南省普洱市景谷傣族彝族自治县'),(530825,3,'镇沅彝族哈尼族拉祜族自治县','ZYYZHNZLHZZZX','云南省普洱市镇沅彝族哈尼族拉祜族自治县'),(530826,3,'江城哈尼族彝族自治县','JCHNZYZZZX','云南省普洱市江城哈尼族彝族自治县'),(530827,3,'孟连傣族拉祜族佤族自治县','MLDZLHZWZZZX','云南省普洱市孟连傣族拉祜族佤族自治县'),(530828,3,'澜沧拉祜族自治县','LCLHZZZX','云南省普洱市澜沧拉祜族自治县'),(530829,3,'西盟佤族自治县','XMWZZZX','云南省普洱市西盟佤族自治县'),(530902,3,'临翔区','LXQ','云南省临沧市临翔区'),(530921,3,'凤庆县','FQX','云南省临沧市凤庆县'),(530922,3,'云县','YX','云南省临沧市云县'),(530923,3,'永德县','YDX','云南省临沧市永德县'),(530924,3,'镇康县','ZKX','云南省临沧市镇康县'),(530925,3,'双江拉祜族佤族布朗族傣族自治县','SJLHZWZBLZDZZZX','云南省临沧市双江拉祜族佤族布朗族傣族自治县'),(530926,3,'耿马傣族佤族自治县','GMDZWZZZX','云南省临沧市耿马傣族佤族自治县'),(530927,3,'沧源佤族自治县','CYWZZZX','云南省临沧市沧源佤族自治县'),(532301,3,'楚雄市','CXS','云南省楚雄彝族自治州楚雄市'),(532322,3,'双柏县','SBX','云南省楚雄彝族自治州双柏县'),(532323,3,'牟定县','MDX','云南省楚雄彝族自治州牟定县'),(532324,3,'南华县','NHX','云南省楚雄彝族自治州南华县'),(532325,3,'姚安县','YAX','云南省楚雄彝族自治州姚安县'),(532326,3,'大姚县','DYX','云南省楚雄彝族自治州大姚县'),(532327,3,'永仁县','YRX','云南省楚雄彝族自治州永仁县'),(532328,3,'元谋县','YMX','云南省楚雄彝族自治州元谋县'),(532329,3,'武定县','WDX','云南省楚雄彝族自治州武定县'),(532331,3,'禄丰县','LFX','云南省楚雄彝族自治州禄丰县'),(532501,3,'个旧市','GJS','云南省红河哈尼族彝族自治州个旧市'),(532502,3,'开远市','KYS','云南省红河哈尼族彝族自治州开远市'),(532503,3,'蒙自市','MZS','云南省红河哈尼族彝族自治州蒙自市'),(532504,3,'弥勒市','MLS','云南省红河哈尼族彝族自治州弥勒市'),(532523,3,'屏边苗族自治县','PBMZZZX','云南省红河哈尼族彝族自治州屏边苗族自治县'),(532524,3,'建水县','JSX','云南省红河哈尼族彝族自治州建水县'),(532525,3,'石屏县','SPX','云南省红河哈尼族彝族自治州石屏县'),(532527,3,'泸西县','LXX','云南省红河哈尼族彝族自治州泸西县'),(532528,3,'元阳县','YYX','云南省红河哈尼族彝族自治州元阳县'),(532529,3,'红河县','HHX','云南省红河哈尼族彝族自治州红河县'),(532530,3,'金平苗族瑶族傣族自治县','JPMZYZDZZZX','云南省红河哈尼族彝族自治州金平苗族瑶族傣族自治县'),(532531,3,'绿春县','LCX','云南省红河哈尼族彝族自治州绿春县'),(532532,3,'河口瑶族自治县','HKYZZZX','云南省红河哈尼族彝族自治州河口瑶族自治县'),(532601,3,'文山市','WSS','云南省文山壮族苗族自治州文山市'),(532622,3,'砚山县','YSX','云南省文山壮族苗族自治州砚山县'),(532623,3,'西畴县','XCX','云南省文山壮族苗族自治州西畴县'),(532624,3,'麻栗坡县','MLPX','云南省文山壮族苗族自治州麻栗坡县'),(532625,3,'马关县','MGX','云南省文山壮族苗族自治州马关县'),(532626,3,'丘北县','QBX','云南省文山壮族苗族自治州丘北县'),(532627,3,'广南县','GNX','云南省文山壮族苗族自治州广南县'),(532628,3,'富宁县','FNX','云南省文山壮族苗族自治州富宁县'),(532801,3,'景洪市','JHS','云南省西双版纳傣族自治州景洪市'),(532822,3,'勐海县','MHX','云南省西双版纳傣族自治州勐海县'),(532823,3,'勐腊县','MLX','云南省西双版纳傣族自治州勐腊县'),(532901,3,'大理市','DLS','云南省大理白族自治州大理市'),(532922,3,'漾濞彝族自治县','YBYZZZX','云南省大理白族自治州漾濞彝族自治县'),(532923,3,'祥云县','XYX','云南省大理白族自治州祥云县'),(532924,3,'宾川县','BCX','云南省大理白族自治州宾川县'),(532925,3,'弥渡县','MDX','云南省大理白族自治州弥渡县'),(532926,3,'南涧彝族自治县','NJYZZZX','云南省大理白族自治州南涧彝族自治县'),(532927,3,'巍山彝族回族自治县','WSYZHZZZX','云南省大理白族自治州巍山彝族回族自治县'),(532928,3,'永平县','YPX','云南省大理白族自治州永平县'),(532929,3,'云龙县','YLX','云南省大理白族自治州云龙县'),(532930,3,'洱源县','EYX','云南省大理白族自治州洱源县'),(532931,3,'剑川县','JCX','云南省大理白族自治州剑川县'),(532932,3,'鹤庆县','HQX','云南省大理白族自治州鹤庆县'),(533102,3,'瑞丽市','RLS','云南省德宏傣族景颇族自治州瑞丽市'),(533103,3,'芒市','MS','云南省德宏傣族景颇族自治州芒市'),(533122,3,'梁河县','LHX','云南省德宏傣族景颇族自治州梁河县'),(533123,3,'盈江县','YJX','云南省德宏傣族景颇族自治州盈江县'),(533124,3,'陇川县','LCX','云南省德宏傣族景颇族自治州陇川县'),(533301,3,'泸水市','LSS','云南省怒江傈僳族自治州泸水市'),(533323,3,'福贡县','FGX','云南省怒江傈僳族自治州福贡县'),(533324,3,'贡山独龙族怒族自治县','GSDLZNZZZX','云南省怒江傈僳族自治州贡山独龙族怒族自治县'),(533325,3,'兰坪白族普米族自治县','LPBZPMZZZX','云南省怒江傈僳族自治州兰坪白族普米族自治县'),(533401,3,'香格里拉市','XGLLS','云南省迪庆藏族自治州香格里拉市'),(533422,3,'德钦县','DQX','云南省迪庆藏族自治州德钦县'),(533423,3,'维西傈僳族自治县','WXLSZZZX','云南省迪庆藏族自治州维西傈僳族自治县'),(540102,3,'城关区','CGQ','西藏自治区拉萨市城关区'),(540103,3,'堆龙德庆区','DLDQQ','西藏自治区拉萨市堆龙德庆区'),(540104,3,'达孜区','DZQ','西藏自治区拉萨市达孜区'),(540121,3,'林周县','LZX','西藏自治区拉萨市林周县'),(540122,3,'当雄县','DXX','西藏自治区拉萨市当雄县'),(540123,3,'尼木县','NMX','西藏自治区拉萨市尼木县'),(540124,3,'曲水县','QSX','西藏自治区拉萨市曲水县'),(540127,3,'墨竹工卡县','MZGKX','西藏自治区拉萨市墨竹工卡县'),(540202,3,'桑珠孜区','SZZQ','西藏自治区日喀则市桑珠孜区'),(540221,3,'南木林县','NMLX','西藏自治区日喀则市南木林县'),(540222,3,'江孜县','JZX','西藏自治区日喀则市江孜县'),(540223,3,'定日县','DRX','西藏自治区日喀则市定日县'),(540224,3,'萨迦县','SJX','西藏自治区日喀则市萨迦县'),(540225,3,'拉孜县','LZX','西藏自治区日喀则市拉孜县'),(540226,3,'昂仁县','ARX','西藏自治区日喀则市昂仁县'),(540227,3,'谢通门县','XTMX','西藏自治区日喀则市谢通门县'),(540228,3,'白朗县','BLX','西藏自治区日喀则市白朗县'),(540229,3,'仁布县','RBX','西藏自治区日喀则市仁布县'),(540230,3,'康马县','KMX','西藏自治区日喀则市康马县'),(540231,3,'定结县','DJX','西藏自治区日喀则市定结县'),(540232,3,'仲巴县','ZBX','西藏自治区日喀则市仲巴县'),(540233,3,'亚东县','YDX','西藏自治区日喀则市亚东县'),(540234,3,'吉隆县','JLX','西藏自治区日喀则市吉隆县'),(540235,3,'聂拉木县','NLMX','西藏自治区日喀则市聂拉木县'),(540236,3,'萨嘎县','SGX','西藏自治区日喀则市萨嘎县'),(540237,3,'岗巴县','GBX','西藏自治区日喀则市岗巴县'),(540302,3,'卡若区','KRQ','西藏自治区昌都市卡若区'),(540321,3,'江达县','JDX','西藏自治区昌都市江达县'),(540322,3,'贡觉县','GJX','西藏自治区昌都市贡觉县'),(540323,3,'类乌齐县','LWQX','西藏自治区昌都市类乌齐县'),(540324,3,'丁青县','DQX','西藏自治区昌都市丁青县'),(540325,3,'察雅县','CYX','西藏自治区昌都市察雅县'),(540326,3,'八宿县','BSX','西藏自治区昌都市八宿县'),(540327,3,'左贡县','ZGX','西藏自治区昌都市左贡县'),(540328,3,'芒康县','MKX','西藏自治区昌都市芒康县'),(540329,3,'洛隆县','LLX','西藏自治区昌都市洛隆县'),(540330,3,'边坝县','BBX','西藏自治区昌都市边坝县'),(540402,3,'巴宜区','BYQ','西藏自治区林芝市巴宜区'),(540421,3,'工布江达县','GBJDX','西藏自治区林芝市工布江达县'),(540422,3,'米林县','MLX','西藏自治区林芝市米林县'),(540423,3,'墨脱县','MTX','西藏自治区林芝市墨脱县'),(540424,3,'波密县','BMX','西藏自治区林芝市波密县'),(540425,3,'察隅县','CYX','西藏自治区林芝市察隅县'),(540426,3,'朗县','LX','西藏自治区林芝市朗县'),(540502,3,'乃东区','NDQ','西藏自治区山南市乃东区'),(540521,3,'扎囊县','ZNX','西藏自治区山南市扎囊县'),(540522,3,'贡嘎县','GGX','西藏自治区山南市贡嘎县'),(540523,3,'桑日县','SRX','西藏自治区山南市桑日县'),(540524,3,'琼结县','QJX','西藏自治区山南市琼结县'),(540525,3,'曲松县','QSX','西藏自治区山南市曲松县'),(540526,3,'措美县','CMX','西藏自治区山南市措美县'),(540527,3,'洛扎县','LZX','西藏自治区山南市洛扎县'),(540528,3,'加查县','JCX','西藏自治区山南市加查县'),(540529,3,'隆子县','LZX','西藏自治区山南市隆子县'),(540530,3,'错那县','CNX','西藏自治区山南市错那县'),(540531,3,'浪卡子县','LKZX','西藏自治区山南市浪卡子县'),(540602,3,'色尼区','SNQ','西藏自治区那曲市色尼区'),(540621,3,'嘉黎县','JLX','西藏自治区那曲市嘉黎县'),(540622,3,'比如县','BRX','西藏自治区那曲市比如县'),(540623,3,'聂荣县','NRX','西藏自治区那曲市聂荣县'),(540624,3,'安多县','ADX','西藏自治区那曲市安多县'),(540625,3,'申扎县','SZX','西藏自治区那曲市申扎县'),(540626,3,'索县','SX','西藏自治区那曲市索县'),(540627,3,'班戈县','BGX','西藏自治区那曲市班戈县'),(540628,3,'巴青县','BQX','西藏自治区那曲市巴青县'),(540629,3,'尼玛县','NMX','西藏自治区那曲市尼玛县'),(540630,3,'双湖县','SHX','西藏自治区那曲市双湖县'),(542521,3,'普兰县','PLX','西藏自治区阿里地区普兰县'),(542522,3,'札达县','ZDX','西藏自治区阿里地区札达县'),(542523,3,'噶尔县','GEX','西藏自治区阿里地区噶尔县'),(542524,3,'日土县','RTX','西藏自治区阿里地区日土县'),(542525,3,'革吉县','GJX','西藏自治区阿里地区革吉县'),(542526,3,'改则县','GZX','西藏自治区阿里地区改则县'),(542527,3,'措勤县','CQX','西藏自治区阿里地区措勤县'),(610102,3,'新城区','XCQ','陕西省西安市新城区'),(610103,3,'碑林区','BLQ','陕西省西安市碑林区'),(610104,3,'莲湖区','LHQ','陕西省西安市莲湖区'),(610111,3,'灞桥区','BQQ','陕西省西安市灞桥区'),(610112,3,'未央区','WYQ','陕西省西安市未央区'),(610113,3,'雁塔区','YTQ','陕西省西安市雁塔区'),(610114,3,'阎良区','YLQ','陕西省西安市阎良区'),(610115,3,'临潼区','LTQ','陕西省西安市临潼区'),(610116,3,'长安区','ZAQ','陕西省西安市长安区'),(610117,3,'高陵区','GLQ','陕西省西安市高陵区'),(610118,3,'鄠邑区','HYQ','陕西省西安市鄠邑区'),(610122,3,'蓝田县','LTX','陕西省西安市蓝田县'),(610124,3,'周至县','ZZX','陕西省西安市周至县'),(610202,3,'王益区','WYQ','陕西省铜川市王益区'),(610203,3,'印台区','YTQ','陕西省铜川市印台区'),(610204,3,'耀州区','YZQ','陕西省铜川市耀州区'),(610222,3,'宜君县','YJX','陕西省铜川市宜君县'),(610302,3,'渭滨区','WBQ','陕西省宝鸡市渭滨区'),(610303,3,'金台区','JTQ','陕西省宝鸡市金台区'),(610304,3,'陈仓区','CCQ','陕西省宝鸡市陈仓区'),(610322,3,'凤翔县','FXX','陕西省宝鸡市凤翔县'),(610323,3,'岐山县','QSX','陕西省宝鸡市岐山县'),(610324,3,'扶风县','FFX','陕西省宝鸡市扶风县'),(610326,3,'眉县','MX','陕西省宝鸡市眉县'),(610327,3,'陇县','LX','陕西省宝鸡市陇县'),(610328,3,'千阳县','QYX','陕西省宝鸡市千阳县'),(610329,3,'麟游县','LYX','陕西省宝鸡市麟游县'),(610330,3,'凤县','FX','陕西省宝鸡市凤县'),(610331,3,'太白县','TBX','陕西省宝鸡市太白县'),(610402,3,'秦都区','QDQ','陕西省咸阳市秦都区'),(610403,3,'杨陵区','YLQ','陕西省咸阳市杨陵区'),(610404,3,'渭城区','WCQ','陕西省咸阳市渭城区'),(610422,3,'三原县','SYX','陕西省咸阳市三原县'),(610423,3,'泾阳县','JYX','陕西省咸阳市泾阳县'),(610424,3,'乾县','QX','陕西省咸阳市乾县'),(610425,3,'礼泉县','LQX','陕西省咸阳市礼泉县'),(610426,3,'永寿县','YSX','陕西省咸阳市永寿县'),(610428,3,'长武县','ZWX','陕西省咸阳市长武县'),(610429,3,'旬邑县','XYX','陕西省咸阳市旬邑县'),(610430,3,'淳化县','CHX','陕西省咸阳市淳化县'),(610431,3,'武功县','WGX','陕西省咸阳市武功县'),(610481,3,'兴平市','XPS','陕西省咸阳市兴平市'),(610482,3,'彬州市','BZS','陕西省咸阳市彬州市'),(610502,3,'临渭区','LWQ','陕西省渭南市临渭区'),(610503,3,'华州区','HZQ','陕西省渭南市华州区'),(610522,3,'潼关县','TGX','陕西省渭南市潼关县'),(610523,3,'大荔县','DLX','陕西省渭南市大荔县'),(610524,3,'合阳县','HYX','陕西省渭南市合阳县'),(610525,3,'澄城县','CCX','陕西省渭南市澄城县'),(610526,3,'蒲城县','PCX','陕西省渭南市蒲城县'),(610527,3,'白水县','BSX','陕西省渭南市白水县'),(610528,3,'富平县','FPX','陕西省渭南市富平县'),(610581,3,'韩城市','HCS','陕西省渭南市韩城市'),(610582,3,'华阴市','HYS','陕西省渭南市华阴市'),(610602,3,'宝塔区','BTQ','陕西省延安市宝塔区'),(610603,3,'安塞区','ASQ','陕西省延安市安塞区'),(610621,3,'延长县','YZX','陕西省延安市延长县'),(610622,3,'延川县','YCX','陕西省延安市延川县'),(610625,3,'志丹县','ZDX','陕西省延安市志丹县'),(610626,3,'吴起县','WQX','陕西省延安市吴起县'),(610627,3,'甘泉县','GQX','陕西省延安市甘泉县'),(610628,3,'富县','FX','陕西省延安市富县'),(610629,3,'洛川县','LCX','陕西省延安市洛川县'),(610630,3,'宜川县','YCX','陕西省延安市宜川县'),(610631,3,'黄龙县','HLX','陕西省延安市黄龙县'),(610632,3,'黄陵县','HLX','陕西省延安市黄陵县'),(610681,3,'子长市','ZZS','陕西省延安市子长市'),(610702,3,'汉台区','HTQ','陕西省汉中市汉台区'),(610703,3,'南郑区','NZQ','陕西省汉中市南郑区'),(610722,3,'城固县','CGX','陕西省汉中市城固县'),(610723,3,'洋县','YX','陕西省汉中市洋县'),(610724,3,'西乡县','XXX','陕西省汉中市西乡县'),(610725,3,'勉县','MX','陕西省汉中市勉县'),(610726,3,'宁强县','NQX','陕西省汉中市宁强县'),(610727,3,'略阳县','LYX','陕西省汉中市略阳县'),(610728,3,'镇巴县','ZBX','陕西省汉中市镇巴县'),(610729,3,'留坝县','LBX','陕西省汉中市留坝县'),(610730,3,'佛坪县','FPX','陕西省汉中市佛坪县'),(610802,3,'榆阳区','YYQ','陕西省榆林市榆阳区'),(610803,3,'横山区','HSQ','陕西省榆林市横山区'),(610822,3,'府谷县','FGX','陕西省榆林市府谷县'),(610824,3,'靖边县','JBX','陕西省榆林市靖边县'),(610825,3,'定边县','DBX','陕西省榆林市定边县'),(610826,3,'绥德县','SDX','陕西省榆林市绥德县'),(610827,3,'米脂县','MZX','陕西省榆林市米脂县'),(610828,3,'佳县','JX','陕西省榆林市佳县'),(610829,3,'吴堡县','WBX','陕西省榆林市吴堡县'),(610830,3,'清涧县','QJX','陕西省榆林市清涧县'),(610831,3,'子洲县','ZZX','陕西省榆林市子洲县'),(610881,3,'神木市','SMS','陕西省榆林市神木市'),(610902,3,'汉滨区','HBQ','陕西省安康市汉滨区'),(610921,3,'汉阴县','HYX','陕西省安康市汉阴县'),(610922,3,'石泉县','SQX','陕西省安康市石泉县'),(610923,3,'宁陕县','NSX','陕西省安康市宁陕县'),(610924,3,'紫阳县','ZYX','陕西省安康市紫阳县'),(610925,3,'岚皋县','LGX','陕西省安康市岚皋县'),(610926,3,'平利县','PLX','陕西省安康市平利县'),(610927,3,'镇坪县','ZPX','陕西省安康市镇坪县'),(610928,3,'旬阳县','XYX','陕西省安康市旬阳县'),(610929,3,'白河县','BHX','陕西省安康市白河县'),(611002,3,'商州区','SZQ','陕西省商洛市商州区'),(611021,3,'洛南县','LNX','陕西省商洛市洛南县'),(611022,3,'丹凤县','DFX','陕西省商洛市丹凤县'),(611023,3,'商南县','SNX','陕西省商洛市商南县'),(611024,3,'山阳县','SYX','陕西省商洛市山阳县'),(611025,3,'镇安县','ZAX','陕西省商洛市镇安县'),(611026,3,'柞水县','ZSX','陕西省商洛市柞水县'),(620102,3,'城关区','CGQ','甘肃省兰州市城关区'),(620103,3,'七里河区','QLHQ','甘肃省兰州市七里河区'),(620104,3,'西固区','XGQ','甘肃省兰州市西固区'),(620105,3,'安宁区','ANQ','甘肃省兰州市安宁区'),(620111,3,'红古区','HGQ','甘肃省兰州市红古区'),(620121,3,'永登县','YDX','甘肃省兰州市永登县'),(620122,3,'皋兰县','GLX','甘肃省兰州市皋兰县'),(620123,3,'榆中县','YZX','甘肃省兰州市榆中县'),(620302,3,'金川区','JCQ','甘肃省金昌市金川区'),(620321,3,'永昌县','YCX','甘肃省金昌市永昌县'),(620402,3,'白银区','BYQ','甘肃省白银市白银区'),(620403,3,'平川区','PCQ','甘肃省白银市平川区'),(620421,3,'靖远县','JYX','甘肃省白银市靖远县'),(620422,3,'会宁县','HNX','甘肃省白银市会宁县'),(620423,3,'景泰县','JTX','甘肃省白银市景泰县'),(620502,3,'秦州区','QZQ','甘肃省天水市秦州区'),(620503,3,'麦积区','MJQ','甘肃省天水市麦积区'),(620521,3,'清水县','QSX','甘肃省天水市清水县'),(620522,3,'秦安县','QAX','甘肃省天水市秦安县'),(620523,3,'甘谷县','GGX','甘肃省天水市甘谷县'),(620524,3,'武山县','WSX','甘肃省天水市武山县'),(620525,3,'张家川回族自治县','ZJCHZZZX','甘肃省天水市张家川回族自治县'),(620602,3,'凉州区','LZQ','甘肃省武威市凉州区'),(620621,3,'民勤县','MQX','甘肃省武威市民勤县'),(620622,3,'古浪县','GLX','甘肃省武威市古浪县'),(620623,3,'天祝藏族自治县','TZZZZZX','甘肃省武威市天祝藏族自治县'),(620702,3,'甘州区','GZQ','甘肃省张掖市甘州区'),(620721,3,'肃南裕固族自治县','SNYGZZZX','甘肃省张掖市肃南裕固族自治县'),(620722,3,'民乐县','MLX','甘肃省张掖市民乐县'),(620723,3,'临泽县','LZX','甘肃省张掖市临泽县'),(620724,3,'高台县','GTX','甘肃省张掖市高台县'),(620725,3,'山丹县','SDX','甘肃省张掖市山丹县'),(620802,3,'崆峒区','KTQ','甘肃省平凉市崆峒区'),(620821,3,'泾川县','JCX','甘肃省平凉市泾川县'),(620822,3,'灵台县','LTX','甘肃省平凉市灵台县'),(620823,3,'崇信县','CXX','甘肃省平凉市崇信县'),(620825,3,'庄浪县','ZLX','甘肃省平凉市庄浪县'),(620826,3,'静宁县','JNX','甘肃省平凉市静宁县'),(620881,3,'华亭市','HTS','甘肃省平凉市华亭市'),(620902,3,'肃州区','SZQ','甘肃省酒泉市肃州区'),(620921,3,'金塔县','JTX','甘肃省酒泉市金塔县'),(620922,3,'瓜州县','GZX','甘肃省酒泉市瓜州县'),(620923,3,'肃北蒙古族自治县','SBMGZZZX','甘肃省酒泉市肃北蒙古族自治县'),(620924,3,'阿克塞哈萨克族自治县','AKSHSKZZZX','甘肃省酒泉市阿克塞哈萨克族自治县'),(620981,3,'玉门市','YMS','甘肃省酒泉市玉门市'),(620982,3,'敦煌市','DHS','甘肃省酒泉市敦煌市'),(621002,3,'西峰区','XFQ','甘肃省庆阳市西峰区'),(621021,3,'庆城县','QCX','甘肃省庆阳市庆城县'),(621022,3,'环县','HX','甘肃省庆阳市环县'),(621023,3,'华池县','HCX','甘肃省庆阳市华池县'),(621024,3,'合水县','HSX','甘肃省庆阳市合水县'),(621025,3,'正宁县','ZNX','甘肃省庆阳市正宁县'),(621026,3,'宁县','NX','甘肃省庆阳市宁县'),(621027,3,'镇原县','ZYX','甘肃省庆阳市镇原县'),(621102,3,'安定区','ADQ','甘肃省定西市安定区'),(621121,3,'通渭县','TWX','甘肃省定西市通渭县'),(621122,3,'陇西县','LXX','甘肃省定西市陇西县'),(621123,3,'渭源县','WYX','甘肃省定西市渭源县'),(621124,3,'临洮县','LTX','甘肃省定西市临洮县'),(621125,3,'漳县','ZX','甘肃省定西市漳县'),(621126,3,'岷县','MX','甘肃省定西市岷县'),(621202,3,'武都区','WDQ','甘肃省陇南市武都区'),(621221,3,'成县','CX','甘肃省陇南市成县'),(621222,3,'文县','WX','甘肃省陇南市文县'),(621223,3,'宕昌县','DCX','甘肃省陇南市宕昌县'),(621224,3,'康县','KX','甘肃省陇南市康县'),(621225,3,'西和县','XHX','甘肃省陇南市西和县'),(621226,3,'礼县','LX','甘肃省陇南市礼县'),(621227,3,'徽县','HX','甘肃省陇南市徽县'),(621228,3,'两当县','LDX','甘肃省陇南市两当县'),(622901,3,'临夏市','LXS','甘肃省临夏回族自治州临夏市'),(622921,3,'临夏县','LXX','甘肃省临夏回族自治州临夏县'),(622922,3,'康乐县','KLX','甘肃省临夏回族自治州康乐县'),(622923,3,'永靖县','YJX','甘肃省临夏回族自治州永靖县'),(622924,3,'广河县','GHX','甘肃省临夏回族自治州广河县'),(622925,3,'和政县','HZX','甘肃省临夏回族自治州和政县'),(622926,3,'东乡族自治县','DXZZZX','甘肃省临夏回族自治州东乡族自治县'),(622927,3,'积石山保安族东乡族撒拉族自治县','JSSBAZDXZSLZZZX','甘肃省临夏回族自治州积石山保安族东乡族撒拉族自治县'),(623001,3,'合作市','HZS','甘肃省甘南藏族自治州合作市'),(623021,3,'临潭县','LTX','甘肃省甘南藏族自治州临潭县'),(623022,3,'卓尼县','ZNX','甘肃省甘南藏族自治州卓尼县'),(623023,3,'舟曲县','ZQX','甘肃省甘南藏族自治州舟曲县'),(623024,3,'迭部县','DBX','甘肃省甘南藏族自治州迭部县'),(623025,3,'玛曲县','MQX','甘肃省甘南藏族自治州玛曲县'),(623026,3,'碌曲县','LQX','甘肃省甘南藏族自治州碌曲县'),(623027,3,'夏河县','XHX','甘肃省甘南藏族自治州夏河县'),(630102,3,'城东区','CDQ','青海省西宁市城东区'),(630103,3,'城中区','CZQ','青海省西宁市城中区'),(630104,3,'城西区','CXQ','青海省西宁市城西区'),(630105,3,'城北区','CBQ','青海省西宁市城北区'),(630106,3,'湟中区','HZQ','青海省西宁市湟中区'),(630121,3,'大通回族土族自治县','DTHZTZZZX','青海省西宁市大通回族土族自治县'),(630123,3,'湟源县','HYX','青海省西宁市湟源县'),(630202,3,'乐都区','LDQ','青海省海东市乐都区'),(630203,3,'平安区','PAQ','青海省海东市平安区'),(630222,3,'民和回族土族自治县','MHHZTZZZX','青海省海东市民和回族土族自治县'),(630223,3,'互助土族自治县','HZTZZZX','青海省海东市互助土族自治县'),(630224,3,'化隆回族自治县','HLHZZZX','青海省海东市化隆回族自治县'),(630225,3,'循化撒拉族自治县','XHSLZZZX','青海省海东市循化撒拉族自治县'),(632221,3,'门源回族自治县','MYHZZZX','青海省海北藏族自治州门源回族自治县'),(632222,3,'祁连县','QLX','青海省海北藏族自治州祁连县'),(632223,3,'海晏县','HYX','青海省海北藏族自治州海晏县'),(632224,3,'刚察县','GCX','青海省海北藏族自治州刚察县'),(632301,3,'同仁市','TRS','青海省黄南藏族自治州同仁市'),(632322,3,'尖扎县','JZX','青海省黄南藏族自治州尖扎县'),(632323,3,'泽库县','ZKX','青海省黄南藏族自治州泽库县'),(632324,3,'河南蒙古族自治县','HNMGZZZX','青海省黄南藏族自治州河南蒙古族自治县'),(632521,3,'共和县','GHX','青海省海南藏族自治州共和县'),(632522,3,'同德县','TDX','青海省海南藏族自治州同德县'),(632523,3,'贵德县','GDX','青海省海南藏族自治州贵德县'),(632524,3,'兴海县','XHX','青海省海南藏族自治州兴海县'),(632525,3,'贵南县','GNX','青海省海南藏族自治州贵南县'),(632621,3,'玛沁县','MQX','青海省果洛藏族自治州玛沁县'),(632622,3,'班玛县','BMX','青海省果洛藏族自治州班玛县'),(632623,3,'甘德县','GDX','青海省果洛藏族自治州甘德县'),(632624,3,'达日县','DRX','青海省果洛藏族自治州达日县'),(632625,3,'久治县','JZX','青海省果洛藏族自治州久治县'),(632626,3,'玛多县','MDX','青海省果洛藏族自治州玛多县'),(632701,3,'玉树市','YSS','青海省玉树藏族自治州玉树市'),(632722,3,'杂多县','ZDX','青海省玉树藏族自治州杂多县'),(632723,3,'称多县','CDX','青海省玉树藏族自治州称多县'),(632724,3,'治多县','ZDX','青海省玉树藏族自治州治多县'),(632725,3,'囊谦县','NQX','青海省玉树藏族自治州囊谦县'),(632726,3,'曲麻莱县','QMLX','青海省玉树藏族自治州曲麻莱县'),(632801,3,'格尔木市','GEMS','青海省海西蒙古族藏族自治州格尔木市'),(632802,3,'德令哈市','DLHS','青海省海西蒙古族藏族自治州德令哈市'),(632803,3,'茫崖市','MYS','青海省海西蒙古族藏族自治州茫崖市'),(632821,3,'乌兰县','WLX','青海省海西蒙古族藏族自治州乌兰县'),(632822,3,'都兰县','DLX','青海省海西蒙古族藏族自治州都兰县'),(632823,3,'天峻县','TJX','青海省海西蒙古族藏族自治州天峻县'),(640104,3,'兴庆区','XQQ','宁夏回族自治区银川市兴庆区'),(640105,3,'西夏区','XXQ','宁夏回族自治区银川市西夏区'),(640106,3,'金凤区','JFQ','宁夏回族自治区银川市金凤区'),(640121,3,'永宁县','YNX','宁夏回族自治区银川市永宁县'),(640122,3,'贺兰县','HLX','宁夏回族自治区银川市贺兰县'),(640181,3,'灵武市','LWS','宁夏回族自治区银川市灵武市'),(640202,3,'大武口区','DWKQ','宁夏回族自治区石嘴山市大武口区'),(640205,3,'惠农区','HNQ','宁夏回族自治区石嘴山市惠农区'),(640221,3,'平罗县','PLX','宁夏回族自治区石嘴山市平罗县'),(640302,3,'利通区','LTQ','宁夏回族自治区吴忠市利通区'),(640303,3,'红寺堡区','HSBQ','宁夏回族自治区吴忠市红寺堡区'),(640323,3,'盐池县','YCX','宁夏回族自治区吴忠市盐池县'),(640324,3,'同心县','TXX','宁夏回族自治区吴忠市同心县'),(640381,3,'青铜峡市','QTXS','宁夏回族自治区吴忠市青铜峡市'),(640402,3,'原州区','YZQ','宁夏回族自治区固原市原州区'),(640422,3,'西吉县','XJX','宁夏回族自治区固原市西吉县'),(640423,3,'隆德县','LDX','宁夏回族自治区固原市隆德县'),(640424,3,'泾源县','JYX','宁夏回族自治区固原市泾源县'),(640425,3,'彭阳县','PYX','宁夏回族自治区固原市彭阳县'),(640502,3,'沙坡头区','SPTQ','宁夏回族自治区中卫市沙坡头区'),(640521,3,'中宁县','ZNX','宁夏回族自治区中卫市中宁县'),(640522,3,'海原县','HYX','宁夏回族自治区中卫市海原县'),(650102,3,'天山区','TSQ','新疆维吾尔自治区乌鲁木齐市天山区'),(650103,3,'沙依巴克区','SYBKQ','新疆维吾尔自治区乌鲁木齐市沙依巴克区'),(650104,3,'新市区','XSQ','新疆维吾尔自治区乌鲁木齐市新市区'),(650105,3,'水磨沟区','SMGQ','新疆维吾尔自治区乌鲁木齐市水磨沟区'),(650106,3,'头屯河区','TTHQ','新疆维吾尔自治区乌鲁木齐市头屯河区'),(650107,3,'达坂城区','DBCQ','新疆维吾尔自治区乌鲁木齐市达坂城区'),(650109,3,'米东区','MDQ','新疆维吾尔自治区乌鲁木齐市米东区'),(650121,3,'乌鲁木齐县','WLMQX','新疆维吾尔自治区乌鲁木齐市乌鲁木齐县'),(650202,3,'独山子区','DSZQ','新疆维吾尔自治区克拉玛依市独山子区'),(650203,3,'克拉玛依区','KLMYQ','新疆维吾尔自治区克拉玛依市克拉玛依区'),(650204,3,'白碱滩区','BJTQ','新疆维吾尔自治区克拉玛依市白碱滩区'),(650205,3,'乌尔禾区','WEHQ','新疆维吾尔自治区克拉玛依市乌尔禾区'),(650402,3,'高昌区','GCQ','新疆维吾尔自治区吐鲁番市高昌区'),(650421,3,'鄯善县','SSX','新疆维吾尔自治区吐鲁番市鄯善县'),(650422,3,'托克逊县','TKXX','新疆维吾尔自治区吐鲁番市托克逊县'),(650502,3,'伊州区','YZQ','新疆维吾尔自治区哈密市伊州区'),(650521,3,'巴里坤哈萨克自治县','BLKHSKZZX','新疆维吾尔自治区哈密市巴里坤哈萨克自治县'),(650522,3,'伊吾县','YWX','新疆维吾尔自治区哈密市伊吾县'),(652301,3,'昌吉市','CJS','新疆维吾尔自治区昌吉回族自治州昌吉市'),(652302,3,'阜康市','FKS','新疆维吾尔自治区昌吉回族自治州阜康市'),(652323,3,'呼图壁县','HTBX','新疆维吾尔自治区昌吉回族自治州呼图壁县'),(652324,3,'玛纳斯县','MNSX','新疆维吾尔自治区昌吉回族自治州玛纳斯县'),(652325,3,'奇台县','QTX','新疆维吾尔自治区昌吉回族自治州奇台县'),(652327,3,'吉木萨尔县','JMSEX','新疆维吾尔自治区昌吉回族自治州吉木萨尔县'),(652328,3,'木垒哈萨克自治县','MLHSKZZX','新疆维吾尔自治区昌吉回族自治州木垒哈萨克自治县'),(652701,3,'博乐市','BLS','新疆维吾尔自治区博尔塔拉蒙古自治州博乐市'),(652702,3,'阿拉山口市','ALSKS','新疆维吾尔自治区博尔塔拉蒙古自治州阿拉山口市'),(652722,3,'精河县','JHX','新疆维吾尔自治区博尔塔拉蒙古自治州精河县'),(652723,3,'温泉县','WQX','新疆维吾尔自治区博尔塔拉蒙古自治州温泉县'),(652801,3,'库尔勒市','KELS','新疆维吾尔自治区巴音郭楞蒙古自治州库尔勒市'),(652822,3,'轮台县','LTX','新疆维吾尔自治区巴音郭楞蒙古自治州轮台县'),(652823,3,'尉犁县','WLX','新疆维吾尔自治区巴音郭楞蒙古自治州尉犁县'),(652824,3,'若羌县','RQX','新疆维吾尔自治区巴音郭楞蒙古自治州若羌县'),(652825,3,'且末县','QMX','新疆维吾尔自治区巴音郭楞蒙古自治州且末县'),(652826,3,'焉耆回族自治县','YQHZZZX','新疆维吾尔自治区巴音郭楞蒙古自治州焉耆回族自治县'),(652827,3,'和静县','HJX','新疆维吾尔自治区巴音郭楞蒙古自治州和静县'),(652828,3,'和硕县','HSX','新疆维吾尔自治区巴音郭楞蒙古自治州和硕县'),(652829,3,'博湖县','BHX','新疆维吾尔自治区巴音郭楞蒙古自治州博湖县'),(652901,3,'阿克苏市','AKSS','新疆维吾尔自治区阿克苏地区阿克苏市'),(652902,3,'库车市','KCS','新疆维吾尔自治区阿克苏地区库车市'),(652922,3,'温宿县','WSX','新疆维吾尔自治区阿克苏地区温宿县'),(652924,3,'沙雅县','SYX','新疆维吾尔自治区阿克苏地区沙雅县'),(652925,3,'新和县','XHX','新疆维吾尔自治区阿克苏地区新和县'),(652926,3,'拜城县','BCX','新疆维吾尔自治区阿克苏地区拜城县'),(652927,3,'乌什县','WSX','新疆维吾尔自治区阿克苏地区乌什县'),(652928,3,'阿瓦提县','AWTX','新疆维吾尔自治区阿克苏地区阿瓦提县'),(652929,3,'柯坪县','KPX','新疆维吾尔自治区阿克苏地区柯坪县'),(653001,3,'阿图什市','ATSS','新疆维吾尔自治区克孜勒苏柯尔克孜自治州阿图什市'),(653022,3,'阿克陶县','AKTX','新疆维吾尔自治区克孜勒苏柯尔克孜自治州阿克陶县'),(653023,3,'阿合奇县','AHQX','新疆维吾尔自治区克孜勒苏柯尔克孜自治州阿合奇县'),(653024,3,'乌恰县','WQX','新疆维吾尔自治区克孜勒苏柯尔克孜自治州乌恰县'),(653101,3,'喀什市','KSS','新疆维吾尔自治区喀什地区喀什市'),(653121,3,'疏附县','SFX','新疆维吾尔自治区喀什地区疏附县'),(653122,3,'疏勒县','SLX','新疆维吾尔自治区喀什地区疏勒县'),(653123,3,'英吉沙县','YJSX','新疆维吾尔自治区喀什地区英吉沙县'),(653124,3,'泽普县','ZPX','新疆维吾尔自治区喀什地区泽普县'),(653125,3,'莎车县','SCX','新疆维吾尔自治区喀什地区莎车县'),(653126,3,'叶城县','YCX','新疆维吾尔自治区喀什地区叶城县'),(653127,3,'麦盖提县','MGTX','新疆维吾尔自治区喀什地区麦盖提县'),(653128,3,'岳普湖县','YPHX','新疆维吾尔自治区喀什地区岳普湖县'),(653129,3,'伽师县','JSX','新疆维吾尔自治区喀什地区伽师县'),(653130,3,'巴楚县','BCX','新疆维吾尔自治区喀什地区巴楚县'),(653131,3,'塔什库尔干塔吉克自治县','TSKEGTJKZZX','新疆维吾尔自治区喀什地区塔什库尔干塔吉克自治县'),(653201,3,'和田市','HTS','新疆维吾尔自治区和田地区和田市'),(653221,3,'和田县','HTX','新疆维吾尔自治区和田地区和田县'),(653222,3,'墨玉县','MYX','新疆维吾尔自治区和田地区墨玉县'),(653223,3,'皮山县','PSX','新疆维吾尔自治区和田地区皮山县'),(653224,3,'洛浦县','LPX','新疆维吾尔自治区和田地区洛浦县'),(653225,3,'策勒县','CLX','新疆维吾尔自治区和田地区策勒县'),(653226,3,'于田县','YTX','新疆维吾尔自治区和田地区于田县'),(653227,3,'民丰县','MFX','新疆维吾尔自治区和田地区民丰县'),(654002,3,'伊宁市','YNS','新疆维吾尔自治区伊犁哈萨克自治州伊宁市'),(654003,3,'奎屯市','KTS','新疆维吾尔自治区伊犁哈萨克自治州奎屯市'),(654004,3,'霍尔果斯市','HEGSS','新疆维吾尔自治区伊犁哈萨克自治州霍尔果斯市'),(654021,3,'伊宁县','YNX','新疆维吾尔自治区伊犁哈萨克自治州伊宁县'),(654022,3,'察布查尔锡伯自治县','CBCEXBZZX','新疆维吾尔自治区伊犁哈萨克自治州察布查尔锡伯自治县'),(654023,3,'霍城县','HCX','新疆维吾尔自治区伊犁哈萨克自治州霍城县'),(654024,3,'巩留县','GLX','新疆维吾尔自治区伊犁哈萨克自治州巩留县'),(654025,3,'新源县','XYX','新疆维吾尔自治区伊犁哈萨克自治州新源县'),(654026,3,'昭苏县','ZSX','新疆维吾尔自治区伊犁哈萨克自治州昭苏县'),(654027,3,'特克斯县','TKSX','新疆维吾尔自治区伊犁哈萨克自治州特克斯县'),(654028,3,'尼勒克县','NLKX','新疆维吾尔自治区伊犁哈萨克自治州尼勒克县'),(654201,3,'塔城市','TCS','新疆维吾尔自治区塔城地区塔城市'),(654202,3,'乌苏市','WSS','新疆维吾尔自治区塔城地区乌苏市'),(654221,3,'额敏县','EMX','新疆维吾尔自治区塔城地区额敏县'),(654223,3,'沙湾县','SWX','新疆维吾尔自治区塔城地区沙湾县'),(654224,3,'托里县','TLX','新疆维吾尔自治区塔城地区托里县'),(654225,3,'裕民县','YMX','新疆维吾尔自治区塔城地区裕民县'),(654226,3,'和布克赛尔蒙古自治县','HBKSEMGZZX','新疆维吾尔自治区塔城地区和布克赛尔蒙古自治县'),(654301,3,'阿勒泰市','ALTS','新疆维吾尔自治区阿勒泰地区阿勒泰市'),(654321,3,'布尔津县','BEJX','新疆维吾尔自治区阿勒泰地区布尔津县'),(654322,3,'富蕴县','FYX','新疆维吾尔自治区阿勒泰地区富蕴县'),(654323,3,'福海县','FHX','新疆维吾尔自治区阿勒泰地区福海县'),(654324,3,'哈巴河县','HBHX','新疆维吾尔自治区阿勒泰地区哈巴河县'),(654325,3,'青河县','QHX','新疆维吾尔自治区阿勒泰地区青河县'),(654326,3,'吉木乃县','JMNX','新疆维吾尔自治区阿勒泰地区吉木乃县'),(659001,3,'石河子市','SHZS','新疆维吾尔自治区石河子市'),(659002,3,'阿拉尔市','ALES','新疆维吾尔自治区阿拉尔市'),(659003,3,'图木舒克市','TMSKS','新疆维吾尔自治区图木舒克市'),(659004,3,'五家渠市','WJQS','新疆维吾尔自治区五家渠市'),(659005,3,'北屯市','BTS','新疆维吾尔自治区北屯市'),(659006,3,'铁门关市','TMGS','新疆维吾尔自治区铁门关市'),(659007,3,'双河市','SHS','新疆维吾尔自治区双河市'),(659008,3,'可克达拉市','KKDLS','新疆维吾尔自治区可克达拉市'),(659009,3,'昆玉市','KYS','新疆维吾尔自治区昆玉市'),(659010,3,'胡杨河市','HYHS','新疆维吾尔自治区胡杨河市'),

(210681001,4,'大东街道','DDJD','辽宁省丹东市东港市大东街道'),
(210681002,4,'新兴街道','XXJD','辽宁省丹东市东港市新兴街道'),
(210681003,4,'新城街道','XCJD','辽宁省丹东市东港市新城街道'),
(210681101,4,'孤山镇','GSZ','辽宁省丹东市东港市孤山镇'),
(210681103,4,'汤池镇','TCZ','辽宁省丹东市东港市汤池镇'),
(210681104,4,'前阳镇','QYZ','辽宁省丹东市东港市前阳镇'),
(210681105,4,'长安镇','CAZ','辽宁省丹东市东港市长安镇'),
(210681106,4,'十字街镇','SZJZ','辽宁省丹东市东港市十字街镇'),
(210681107,4,'长山镇','CSZ','辽宁省丹东市东港市长山镇'),
(210681108,4,'北井子镇','BJZZ','辽宁省丹东市东港市北井子镇'),
(210681109,4,'椅圈镇','YQZ','辽宁省丹东市东港市椅圈镇'),
(210681110,4,'黄土坎镇','HTKZ','辽宁省丹东市东港市黄土坎镇'),
(210681113,4,'马家店镇','MJDZ','辽宁省丹东市东港市马家店镇'),
(210681114,4,'龙王庙镇','LWMZ','辽宁省丹东市东港市龙王庙镇'),
(210681115,4,'小甸子镇','XDZZ','辽宁省丹东市东港市小甸子镇'),
(210681117,4,'菩萨庙镇','PSMJ','辽宁省丹东市东港市菩萨庙镇'),
(210681118,4,'黑沟镇','HGZ','辽宁省丹东市东港市黑沟镇'),
(210681119,4,'新农镇','XNZ','辽宁省丹东市东港市新农镇'),
(210681206,4,'合隆满族乡','HLMZX','辽宁省丹东市东港市合隆满族乡'),
(210681401,4,'示范农场','SFNC','辽宁省丹东市东港市示范农场'),
(210681402,4,'黄土坎农场','HTKNC','辽宁省丹东市东港市黄土坎农场'),
(210681403,4,'海洋红农场','HYHNC','辽宁省丹东市东港市海洋红农场'),
(210681404,4,'兴隆农场','YLNC','辽宁省丹东市东港市兴隆农场'),
(210681405,4,'五四农场','WSNC','辽宁省丹东市东港市五四农场'),


(210682001,4,'凤凰城街道','FHCJD','辽宁省丹东市凤城市凤凰城街道'),
(210682002,4,'凤山街道','FSJD','辽宁省丹东市凤城市凤山街道'),
(210682003,4,'草河街道','CHJD','辽宁省丹东市凤城市草河街道'),
(210682101,4,'宝山镇','BSZ','辽宁省丹东市凤城市宝山镇'),
(210682102,4,'白旗镇','BQZ','辽宁省丹东市凤城市白旗镇'),
(210682103,4,'沙里寨镇','SLZZ','辽宁省丹东市凤城市沙里寨镇'),
(210682104,4,'红旗镇','HQZ','辽宁省丹东市凤城市红旗镇'),
(210682105,4,'蓝旗镇','LQZ','辽宁省丹东市凤城市蓝旗镇'),
(210682107,4,'边门镇','BMZ','辽宁省丹东市凤城市边门镇'),
(210682109,4,'大堡蒙古族镇','DBMGZX','辽宁省丹东市凤城市大堡蒙古族乡'),
(210682110,4,'东汤镇','DTZ','辽宁省丹东市凤城市东汤镇'),
(210682111,4,'石城镇','SCZ','辽宁省丹东市凤城市石城镇'),
(210682112,4,'大兴镇','DXZ','辽宁省丹东市凤城市大兴镇'),
(210682113,4,'爱阳镇','AYZ','辽宁省丹东市凤城市爱阳镇'),
(210682114,4,'赛马镇','SMZ','辽宁省丹东市凤城市赛马镇'),
(210682115,4,'弟兄山镇','DXSZ','辽宁省丹东市凤城市弟兄山镇'),
(210682116,4,'鸡冠山镇','JGSZ','辽宁省丹东市凤城市鸡冠山镇'),
(210682117,4,'刘家河镇','LJHZ','辽宁省丹东市凤城市刘家河镇'),
(210682118,4,'通远堡镇','TYPZ','辽宁省丹东市凤城市通远堡镇'),
(210682119,4,'四门子镇','SMZZ','辽宁省丹东市凤城市四门子镇'),
(210682120,4,'青城子镇','QCZZ','辽宁省丹东市凤城市青城子镇');
